id,pop,Region,sex,Date_sampled,TOTAL_LENGTH_mm,DUP,Full_sib,Half_sib,Parent_offspring
CLA002-M,Australia,E-IO,M,23/01/2012,840,NA,NA,NA,NA
CLA003-M,Australia,E-IO,M,23/01/2012,1060,NA,NA,NA,NA
CLA009,Australia,E-IO,F,26/08/2012,962,NA,NA,NA,NA
CLA010,Australia,E-IO,M,27/08/2012,930,NA,FS004,NA,NA
CLA011-M,Australia,E-IO,M,27/08/2012,810,NA,NA,HS004,NA
CLA012-M,Australia,E-IO,M,28/08/2012,878,NA,NA,NA,NA
CLA013-M,Australia,E-IO,M,28/08/2012,888,NA,NA,NA,NA
CLA014,Australia,E-IO,M,29/08/2012,995,NA,NA,NA,NA
CLA015-M,Australia,E-IO,M,28/08/2012,885,NA,NA,NA,NA
CLA016-M,Australia,E-IO,M,28/08/2012,800,NA,NA,NA,NA
CLA017,Australia,E-IO,F,29/08/2012,845,NA,NA,NA,NA
CLA018-F,Australia,E-IO,F,29/08/2012,885,NA,NA,NA,NA
CLA019-F,Australia,E-IO,F,29/08/2012,960,NA,NA,NA,NA
CLA021-M,Australia,E-IO,M,29/08/2012,815,NA,NA,NA,NA
CLA022,Australia,E-IO,F,29/08/2012,795,NA,NA,NA,NA
CLA023-F,Australia,E-IO,F,29/08/2012,1010,NA,NA,NA,NA
CLA024-F,Australia,E-IO,F,29/08/2012,1050,NA,NA,NA,NA
CLA025-M,Australia,E-IO,M,29/08/2012,810,NA,NA,NA,NA
CLA026-F,Australia,E-IO,F,29/08/2012,910,NA,NA,NA,NA
CLA027-F,Australia,E-IO,F,29/08/2012,870,NA,NA,NA,NA
CLA028,Australia,E-IO,F,29/08/2012,1065,NA,NA,HS005,NA
CLA029-F,Australia,E-IO,F,29/08/2012,835,NA,FS005,NA,NA
CLA030-F,Australia,E-IO,F,29/08/2012,940,NA,NA,NA,NA
CLA031-M,Australia,E-IO,M,29/08/2012,755,NA,NA,NA,NA
CLA032-M,Australia,E-IO,M,29/08/2012,1170,NA,NA,NA,NA
CLA033-F,Australia,E-IO,F,29/08/2012,935,NA,NA,HS006,NA
CLA034-M,Australia,E-IO,M,29/08/2012,758,NA,NA,NA,NA
CLA035-F,Australia,E-IO,F,29/08/2012,822,NA,NA,NA,NA
CLA036-M,Australia,E-IO,M,29/08/2012,942,NA,NA,NA,NA
CLA037-M,Australia,E-IO,M,29/08/2012,845,NA,NA,NA,NA
CLA038,Australia,E-IO,M,29/08/2012,1000,NA,NA,HS006,NA
CLA039-F,Australia,E-IO,F,29/08/2012,1140,NA,NA,NA,NA
CLA040-F,Australia,E-IO,F,29/08/2012,825,NA,NA,NA,NA
CLA042-F,Australia,E-IO,F,21/02/2013,850,NA,NA,NA,NA
CLA043-F,Australia,E-IO,F,21/02/2013,948,NA,NA,NA,NA
CLA044,Australia,E-IO,F,21/02/2013,990,NA,FS004,NA,NA
CLA045-F,Australia,E-IO,F,22/02/2013,1025,NA,NA,NA,NA
CLA046,Australia,E-IO,F,20/03/2013,815,NA,NA,NA,NA
CLA047-M,Australia,E-IO,M,20/03/2013,842,NA,FS016,HS008,NA
CLA048-M,Australia,E-IO,M,20/03/2013,775,NA,NA,NA,NA
CLA049-F,Australia,E-IO,F,20/03/2013,755,NA,NA,NA,NA
CLA050-M,Australia,E-IO,M,20/03/2013,860,NA,NA,NA,NA
CLA051-F,Australia,E-IO,F,20/03/2013,855,NA,NA,NA,NA
CLA052-F,Australia,E-IO,F,20/03/2013,722,NA,NA,HS009,NA
CLA053,Australia,E-IO,F,20/03/2013,860,NA,FS016,NA,NA
CLA054-F,Australia,E-IO,F,21/03/2013,815,NA,NA,NA,NA
CLA055-M,Australia,E-IO,M,21/03/2013,845,NA,NA,HS010,NA
CLA056-M,Australia,E-IO,M,21/03/2013,825,NA,NA,NA,NA
CLA057-M,Australia,E-IO,M,21/03/2013,925,NA,NA,NA,NA
CLA058-F,Australia,E-IO,F,21/03/2013,1395,NA,NA,NA,NA
CLA059-F,Australia,E-IO,F,22/03/2013,1300,NA,NA,NA,NA
CLA060-M,Australia,E-IO,M,18/04/2013,850,NA,NA,NA,NA
CLA061-M,Australia,E-IO,M,19/04/2013,860,NA,NA,NA,NA
CLA062-M,Australia,E-IO,M,19/04/2013,875,NA,NA,HS010,NA
CLA063,Australia,E-IO,M,20/04/2013,815,NA,NA,NA,NA
CLA064-M,Australia,E-IO,M,17/06/2013,890,NA,NA,NA,NA
CLA065-M,Australia,E-IO,M,3/07/2013,1105,NA,NA,NA,NA
CLA066,Australia,E-IO,M,3/07/2013,1175,NA,NA,NA,NA
CLA067-M,Australia,E-IO,M,3/07/2013,1240,NA,NA,NA,NA
CLA068,Australia,E-IO,F,3/07/2013,1280,NA,NA,NA,NA
CLA070-M,Australia,E-IO,M,18/07/2013,1075,NA,NA,NA,NA
CLA072-F,Australia,E-IO,F,16/08/2013,960,NA,NA,NA,NA
CLA073,Australia,E-IO,M,16/08/2013,995,NA,NA,NA,NA
CLA077-F,Australia,E-IO,F,15/09/2013,1050,NA,NA,NA,NA
CLA078,Australia,E-IO,M,28/09/2013,1215,NA,NA,HS008,NA
CLA079-F,Australia,E-IO,F,28/09/2013,1085,NA,NA,NA,NA
CLA080-M,Australia,E-IO,M,28/09/2013,1000,NA,NA,NA,NA
CLA081-M,Australia,E-IO,M,28/09/2013,870,NA,NA,NA,NA
CLA082,Australia,E-IO,M,28/09/2013,1130,NA,NA,NA,NA
CLA083-F,Australia,E-IO,F,29/09/2013,910,NA,NA,HS011,NA
CLA084,Australia,E-IO,F,29/09/2013,1010,NA,FS005,NA,NA
CLA085,Australia,E-IO,M,30/09/2013,1060,NA,NA,NA,NA
CLA086-M,Australia,E-IO,M,1/10/2013,1110,NA,NA,NA,NA
CLA087-M,Australia,E-IO,M,1/10/2013,1070,NA,NA,NA,NA
CLA088-F,Australia,E-IO,F,1/10/2013,1140,NA,NA,NA,NA
CLA089,Australia,E-IO,F,1/10/2013,1195,NA,NA,NA,NA
CLA090-M,Australia,E-IO,M,1/10/2013,1150,NA,NA,NA,NA
CLA091-M,Australia,E-IO,M,1/10/2013,960,NA,NA,NA,NA
CLA092-F,Australia,E-IO,F,1/10/2013,1050,NA,NA,NA,NA
CLA093-M,Australia,E-IO,M,2/10/2013,1180,NA,NA,NA,NA
CLA094-M,Australia,E-IO,M,2/10/2013,1070,NA,NA,HS011,NA
CLA095-F,Australia,E-IO,F,2/10/2013,1320,NA,NA,NA,NA
CLA096-M,Australia,E-IO,M,2/10/2013,1000,NA,NA,NA,NA
CLA097-M,Australia,E-IO,M,3/10/2013,1070,NA,NA,NA,NA
CLA098-M,Australia,E-IO,M,14/10/2013,965,NA,NA,NA,NA
CLA099-F,Australia,E-IO,F,14/10/2013,910,NA,NA,NA,NA
CLA100-M,Australia,E-IO,M,11/11/2013,725,NA,NA,NA,NA
CLA101-F,Australia,E-IO,F,12/12/2013,745,NA,NA,NA,NA
CLA102-M,Australia,E-IO,M,12/12/2013,750,NA,NA,HS004,NA
CLA103-F,Australia,E-IO,F,12/12/2013,750,NA,NA,NA,NA
CLA104-M,Australia,E-IO,M,12/12/2013,725,NA,NA,NA,NA
CLA105-M,Australia,E-IO,M,12/12/2013,743,NA,NA,NA,NA
CLA106,Australia,E-IO,F,12/12/2013,820,NA,NA,NA,NA
CLA107-F,Australia,E-IO,F,12/12/2013,840,NA,FS006,NA,NA
CLA108-M,Australia,E-IO,M,12/12/2013,724,NA,NA,NA,NA
CLA109-F,Australia,E-IO,F,12/12/2013,750,NA,NA,NA,NA
CLA110-F,Australia,E-IO,F,12/12/2013,760,NA,NA,NA,NA
CLA111-M,Australia,E-IO,M,9/01/2014,820,NA,NA,NA,NA
CLA112-F,Australia,E-IO,F,9/01/2014,820,NA,FS007,NA,NA
CLA113-F,Australia,E-IO,F,9/01/2014,780,NA,NA,HS023,NA
CLA114-M,Australia,E-IO,M,9/01/2014,810,NA,NA,NA,NA
CLA115-M,Australia,E-IO,M,9/01/2014,775,NA,NA,NA,NA
CLA116-F,Australia,E-IO,F,9/01/2014,745,NA,NA,NA,NA
CLA117-F,Australia,E-IO,F,9/01/2014,755,NA,NA,NA,NA
CLA118-F,Australia,E-IO,F,9/01/2014,825,NA,FS006,NA,NA
CLA119-F,Australia,E-IO,F,9/01/2014,750,NA,NA,NA,NA
CLA120-M,Australia,E-IO,M,9/01/2014,815,NA,NA,NA,NA
CLA121,Australia,E-IO,M,9/01/2014,800,NA,NA,NA,NA
CLA122,Australia,E-IO,M,9/01/2014,695,NA,NA,HS012,NA
CLA123-M,Australia,E-IO,M,9/01/2014,785,NA,FS008,NA,NA
CLA124-M,Australia,E-IO,M,9/01/2014,750,NA,NA,NA,NA
CLA125-F,Australia,E-IO,F,9/01/2014,760,NA,NA,HS013,NA
CLA126-M,Australia,E-IO,M,9/01/2014,740,NA,NA,HS013,NA
CLA127-F,Australia,E-IO,F,10/01/2014,825,NA,FS007,NA,NA
CLA128-F,Australia,E-IO,F,9/02/2014,735,NA,NA,HS024,NA
CLA129,Australia,E-IO,F,9/02/2014,845,NA,NA,NA,NA
CLA130-F,Australia,E-IO,F,9/02/2014,815,NA,NA,NA,NA
CLA131-F,Australia,E-IO,F,9/02/2014,775,NA,NA,NA,NA
CLA132-F,Australia,E-IO,F,9/02/2014,815,NA,NA,NA,NA
CLA133-F,Australia,E-IO,F,10/02/2014,805,NA,NA,NA,NA
CLA134-M,Australia,E-IO,M,27/04/2014,1245,NA,NA,HS023,NA
CLA135,Australia,E-IO,M,27/04/2014,770,NA,NA,NA,NA
CLA136-F,Australia,E-IO,F,27/04/2014,785,NA,NA,NA,NA
CLA137-M,Australia,E-IO,M,5/05/2014,830,NA,NA,NA,NA
CLA138-M,Australia,E-IO,M,5/05/2014,965,NA,NA,HS012,NA
CLA139-F,Australia,E-IO,F,5/05/2014,860,NA,NA,NA,NA
CLA140-F,Australia,E-IO,F,5/05/2014,885,NA,NA,NA,NA
CLA142-M,Australia,E-IO,M,9/05/2014,810,NA,NA,NA,NA
CLA143,Australia,E-IO,M,9/05/2014,860,NA,FS008,NA,NA
CLA145,Australia,E-IO,F,7/09/2014,915,NA,NA,NA,NA
CLA146-F,Australia,E-IO,F,7/09/2014,850,NA,NA,NA,NA
CLA147-M,Australia,E-IO,M,10/09/2014,910,NA,NA,NA,NA
CL-ARS001-F,Arabian Sea,N-IO,F,4/10/2011,3290,NA,NA,NA,NA
CL-ARS002-M,Arabian Sea,N-IO,M,28/03/2012,3099,NA,NA,NA,NA
CL-ARS004-F,Arabian Sea,N-IO,F,2/03/2011,730,NA,NA,NA,NA
CL-ARS005-F,Arabian Sea,N-IO,F,18/02/2011,3314,NA,NA,NA,NA
CL-ARS010-F,Arabian Sea,N-IO,F,21/01/2011,815,NA,NA,NA,NA
CL-ARS011-M,Arabian Sea,N-IO,M,21/01/2011,770,NA,NA,NA,NA
CL-ARS012-F,Arabian Sea,N-IO,F,12/02/2011,3060,NA,NA,NA,NA
CL-ARS019-M,Arabian Sea,N-IO,M,10/03/2011,1388,NA,NA,NA,NA
CL-ARS020-F,Arabian Sea,N-IO,F,21/03/2011,3099,NA,NA,NA,NA
CL-ARS021-F,Arabian Sea,N-IO,F,21/03/2011,2986,NA,NA,NA,NA
CL-ARS022-M,Arabian Sea,N-IO,M,29/04/2011,3066,NA,NA,NA,NA
CL-ARS024-M,Arabian Sea,N-IO,M,28/05/2011,835,NA,NA,NA,NA
CL-ARS027-F,Arabian Sea,N-IO,F,17/10/2010,4060,NA,NA,NA,NA
CL-ARS028-M,Arabian Sea,N-IO,M,29/10/2010,3090,NA,NA,NA,NA
CL-ARS029-M,Arabian Sea,N-IO,M,29/10/2010,3290,NA,NA,NA,NA
CL-ARS030-M,Arabian Sea,N-IO,M,29/10/2010,2995,NA,NA,NA,NA
CL-ARS033-M,Arabian Sea,N-IO,M,5/11/2010,1100,NA,NA,NA,NA
CL-ARS034-F,Arabian Sea,N-IO,F,19/11/2010,3635,NA,NA,NA,NA
CL-ARS035-F,Arabian Sea,N-IO,F,17/12/2010,1710,NA,NA,NA,NA
CL-ARS036-F,Arabian Sea,N-IO,F,23/12/2010,3190,NA,NA,NA,NA
CL-ARS037-F,Arabian Sea,N-IO,F,23/12/2010,3034,NA,NA,NA,NA
CL-ARS038-F,Arabian Sea,N-IO,F,7/01/2011,3410,NA,NA,NA,NA
CLBM001-M,Australia,E-IO,M,7/09/2007,1005,NA,NA,NA,NA
CLBM002,Australia,E-IO,M,10/09/2007,1025,NA,NA,NA,NA
CLBM003,Australia,E-IO,F,10/09/2007,1010,NA,NA,NA,NA
CLBM004-M,Australia,E-IO,M,10/09/2007,1020,NA,FS009,NA,NA
CLBM005-M,Australia,E-IO,M,10/09/2007,1010,NA,NA,NA,NA
CLBM007,Australia,E-IO,M,11/09/2007,970,NA,FS009,NA,NA
CLBM008-M,Australia,E-IO,M,11/09/2007,910,NA,NA,NA,NA
CLBM009-F,Australia,E-IO,F,11/09/2007,1030,NA,FS010,NA,NA
CLBM011,Australia,E-IO,F,11/09/2007,995,NA,NA,NA,NA
CLBM015-F,Australia,E-IO,F,15/09/2007,940,NA,NA,NA,NA
CLBM016-F,Australia,E-IO,F,30/09/2007,860,NA,NA,NA,NA
CLBM017,Australia,E-IO,M,6/09/2007,1045,NA,NA,NA,NA
CLBM018,Australia,E-IO,F,13/09/2007,1020,NA,FS010,NA,NA
CLBM019-M,Australia,E-IO,M,6/09/2007,1040,NA,NA,NA,NA
CL-BRZ001-U,Brazil,W-ATL,U,2003-2005,NA,NA,NA,NA,NA
CL-BRZ002-U,Brazil,W-ATL,U,2003-2005,NA,NA,NA,NA,NA
CL-BRZ003-U,Brazil,W-ATL,U,2003-2005,NA,NA,NA,NA,NA
CL-BRZ004-U,Brazil,W-ATL,U,2003-2005,NA,NA,NA,NA,NA
CL-BRZ005-U,Brazil,W-ATL,U,2003-2005,NA,NA,NA,NA,NA
CL-BRZ006-U,Brazil,W-ATL,U,2003-2005,NA,DUP006,NA,NA,NA
CL-BRZ007-U,Brazil,W-ATL,U,2003-2005,NA,NA,NA,NA,NA
CL-BRZ008-U,Brazil,W-ATL,U,2003-2005,NA,NA,NA,NA,NA
CL-BRZ009-U,Brazil,W-ATL,U,2003-2005,NA,NA,NA,NA,NA
CL-BRZ010-U,Brazil,W-ATL,U,2003-2005,NA,NA,NA,NA,NA
CL-BRZ011-U,Brazil,W-ATL,U,2003-2005,NA,NA,FSP017,NA,NA
CL-BRZ012-U,Brazil,W-ATL,U,2003-2005,NA,NA,NA,NA,NA
CL-BRZ013-U,Brazil,W-ATL,U,2003-2005,NA,NA,NA,NA,NA
CL-BRZ014-U,Brazil,W-ATL,U,2003-2005,NA,DUP007,NA,NA,NA
CL-BRZ015-U,Brazil,W-ATL,U,2003-2005,NA,NA,NA,NA,NA
CL-BRZ016-U,Brazil,W-ATL,U,2003-2005,NA,NA,NA,NA,NA
CL-BRZ017-U,Brazil,W-ATL,U,2003-2005,NA,NA,NA,NA,NA
CL-BRZ018-U,Brazil,W-ATL,U,2003-2005,NA,DUP008,NA,NA,NA
CL-BRZ019-U,Brazil,W-ATL,U,2003-2005,NA,NA,NA,NA,NA
CL-BRZ020-U,Brazil,W-ATL,U,2003-2005,NA,NA,NA,NA,NA
CL-BRZ021-U,Brazil,W-ATL,U,2003-2005,NA,NA,NA,NA,NA
CL-BRZ022-U,Brazil,W-ATL,U,2003-2005,NA,NA,NA,NA,NA
CL-BRZ023-U,Brazil,W-ATL,U,2003-2005,NA,NA,FSP018,NA,NA
CL-BRZ024-U,Brazil,W-ATL,U,2003-2005,NA,DUP007,NA,NA,NA
CL-BRZ025-U,Brazil,W-ATL,U,2003-2005,NA,NA,FSP018,NA,NA
CL-BRZ026-U,Brazil,W-ATL,U,2003-2005,NA,NA,NA,NA,NA
CL-BRZ027-U,Brazil,W-ATL,U,2003-2005,NA,NA,NA,NA,NA
CL-BRZ028-U,Brazil,W-ATL,U,2003-2005,NA,NA,NA,NA,NA
CL-BRZ029-U,Brazil,W-ATL,U,2003-2005,NA,NA,NA,NA,NA
CL-BRZ030-U,Brazil,W-ATL,U,2003-2005,NA,NA,NA,NA,NA
CL-BRZ031-U,Brazil,W-ATL,U,2003-2005,NA,NA,NA,NA,NA
CL-BRZ032-U,Brazil,W-ATL,U,2003-2005,NA,NA,NA,NA,NA
CL-BRZ033-U,Brazil,W-ATL,U,2003-2005,NA,NA,NA,NA,NA
CL-BRZ035-U,Brazil,W-ATL,U,2003-2005,NA,DUP008,NA,NA,NA
CL-BRZ036-U,Brazil,W-ATL,U,2003-2005,NA,NA,NA,NA,NA
CL-BRZ037-U,Brazil,W-ATL,U,2003-2005,NA,NA,NA,NA,NA
CL-BRZ038-U,Brazil,W-ATL,U,2003-2005,NA,NA,NA,NA,NA
CL-BRZ039-U,Brazil,W-ATL,U,2003-2005,NA,NA,NA,NA,NA
CL-BRZ041-U,Brazil,W-ATL,U,2003-2005,NA,NA,NA,NA,NA
CL-BRZ042-U,Brazil,W-ATL,U,2003-2005,NA,NA,NA,NA,NA
CL-BRZ044-U,Brazil,W-ATL,U,2003-2005,NA,NA,NA,NA,NA
CL-BRZ045-U,Brazil,W-ATL,U,2003-2005,NA,NA,NA,NA,NA
CL-BRZ047-U,Brazil,W-ATL,U,2003-2005,NA,DUP009,NA,NA,NA
CL-BRZ048-U,Brazil,W-ATL,U,2003-2005,NA,NA,NA,NA,NA
CL-BRZ049-U,Brazil,W-ATL,U,2003-2005,NA,NA,NA,NA,NA
CL-BRZ050-U,Brazil,W-ATL,U,2003-2005,NA,NA,NA,NA,NA
CL-BRZ051-U,Brazil,W-ATL,U,2003-2005,NA,NA,NA,NA,NA
CL-BRZ052-U,Brazil,W-ATL,U,2003-2005,NA,NA,NA,NA,NA
CL-BRZ053-U,Brazil,W-ATL,U,2003-2005,NA,NA,NA,NA,NA
CL-BRZ054-U,Brazil,W-ATL,U,2003-2005,NA,DUP009,NA,NA,NA
CL-BRZ055-U,Brazil,W-ATL,U,2003-2005,NA,NA,NA,NA,NA
CL-BRZ056-U,Brazil,W-ATL,U,2003-2005,NA,DUP006,NA,NA,NA
CL-BRZ057-U,Brazil,W-ATL,U,2003-2005,NA,NA,NA,NA,NA
CL-BRZ058-U,Brazil,W-ATL,U,2003-2005,NA,NA,NA,NA,NA
CL-BRZ059-U,Brazil,W-ATL,U,2003-2005,NA,NA,NA,NA,NA
CL-BRZ060-U,Brazil,W-ATL,U,2003-2005,NA,NA,FSP017,NA,NA
CL-BRZ061-U,Brazil,W-ATL,U,2003-2005,NA,NA,NA,NA,NA
CL-BRZ062-U,Brazil,W-ATL,U,2003-2005,NA,NA,NA,NA,NA
CL-CAR001-M,Caribbean Sea,W-ATL,M,31/07/1985,2180,NA,NA,NA,NA
CL-CAR002-M,Caribbean Sea,W-ATL,M,19/05/2012,1956,NA,NA,NA,NA
CL-CLA020-F,Australia,E-IO,F,29/08/2012,920,NA,NA,NA,NA
CL-CLA071-M,Australia,E-IO,M,18/07/2013,895,NA,FS016,NA,NA
CL-CLA141-F,Australia,E-IO,F,9/05/2014,790,NA,NA,NA,NA
CL-CLBM006-M,Australia,E-IO,M,10/09/2007,990,NA,NA,NA,NA
CL-CLBM012-F,Australia,E-IO,F,11/09/2007,995,NA,NA,NA,NA
CL-CLBM013-F,Australia,E-IO,F,15/09/2007,1075,NA,NA,NA,NA
CL-CLBM014-F,Australia,E-IO,F,16/09/2007,970,NA,NA,NA,NA
CL-CLCR008-M,Australia,W-PAC,M,14/11/2010,830,NA,NA,HS014,NA
CL-CLCR026-M,Australia,W-PAC,M,28/11/2010,830,NA,NA,NA,NA
CL-CLCR028-F,Australia,W-PAC,F,28/11/2010,775,NA,NA,NA,NA
CL-CLCR038-M,Australia,W-PAC,M,6/02/2011,830,NA,NA,NA,NA
CL-CLCR043-F,Australia,W-PAC,F,6/02/2011,870,NA,NA,NA,NA
CL-CLCR054-F,Australia,W-PAC,F,6/02/2011,830,NA,NA,NA,NA
CL-CLCR111-F,Australia,W-PAC,F,13/12/2010,2840,NA,NA,NA,NA
CL-CLCR116-F,Australia,W-PAC,F,2/03/2011,1810,NA,NA,NA,NA
CL-CLD011-M,Australia,E-IO,M,30/09/2012,820,NA,NA,NA,NA
CL-CLD020-F,Australia,E-IO,F,3/10/2012,905,NA,NA,NA,NA
CL-CLD031-M,Australia,E-IO,M,4/10/2012,890,NA,NA,NA,NA
CL-CLD039-F,Australia,E-IO,F,29/10/2013,810,NA,NA,NA,NA
CL-CLF014-M,Australia,E-IO,M,3/11/2002,1212,NA,NA,NA,NA
CL-CLL004-M,Australia,E-IO,M,2/05/2013,790,NA,NA,NA,NA
CL-CLL014-F,Australia,E-IO,F,21/12/2013,720,NA,NA,HS017,NA
CL-CLR003-F,Australia,E-IO,F,27/07/2002,820,NA,NA,NA,NA
CL-CLSH001-M,Australia,W-PAC,M,4/03/2009,2820,NA,NA,NA,NA
CL-CLSH042-M,Australia,W-PAC,M,7/03/2016,2740,NA,NA,NA,NA
CL-CLSH045-M,Australia,W-PAC,M,20/02/2017,2610,NA,NA,NA,NA
CL-CLSH046-M,Australia,W-PAC,M,21/02/2017,2200,NA,NA,NA,NA
CL-CLSH052-F,Australia,W-PAC,F,18/01/2018,2950,NA,NA,NA,NA
CL-CLSH054-F,Australia,W-PAC,F,29/01/2018,2650,NA,NA,NA,NA
CL-CLSH066-M,Australia,W-PAC,M,12/02/2019,2810,NA,NA,NA,NA
CL-CLSH070-M,Australia,W-PAC,M,19/03/2019,2510,NA,NA,NA,NA
CL-CLTI001-F,Australia,W-PAC,F,1/01/2004,854,NA,NA,NA,NA
CL-CLTI003-F,Australia,W-PAC,F,1/01/2004,970,NA,NA,NA,NA
CL-CLTI005-F,Australia,W-PAC,F,1/01/2004,895,NA,NA,NA,NA
CL-CLTO011-F,Australia,E-IO,F,30/07/2002,1173,NA,NA,NA,NA
CL-CLW002-U,Australia,E-IO,U,NA,NA,NA,NA,NA,NA
CL-CLW003-U,Australia,E-IO,U,NA,NA,NA,NA,NA,NA
CL-CLW005-M,Australia,E-IO,M,NA,NA,NA,NA,NA,NA
CL-CLW009-F,Australia,E-IO,F,NA,NA,NA,NA,NA,NA
CL-CLW010-M,Australia,E-IO,M,NA,NA,NA,NA,NA,NA
CL-COR001-F,Costa Rica,E-PAC,F,7/05/2017,NA,NA,NA,NA,NA
CL-COR002-F,Costa Rica,E-PAC,F,7/05/2017,NA,NA,NA,NA,NA
CL-COR018-U,Costa Rica,E-PAC,M,13/07/2017,920,NA,NA,NA,NA
CL-COR019-U,Costa Rica,E-PAC,F,13/07/2017,910,NA,NA,NA,NA
CL-COR020-U,Costa Rica,E-PAC,F,13/07/2017,920,NA,NA,NA,NA
CL-COR021-U,Costa Rica,E-PAC,F,5/01/2018,1200,NA,NA,NA,NA
CL-COR022-U,Costa Rica,E-PAC,F,13/07/2017,920,NA,NA,NA,NA
CL-COR023-U,Costa Rica,E-PAC,M,20/01/2018,840,NA,NA,NA,NA
CL-COR024-U,Costa Rica,E-PAC,F,21/01/2018,810,NA,NA,NA,NA
CL-COR025-U,Costa Rica,E-PAC,F,13/07/2017,920,NA,NA,NA,NA
CL-COR026-U,Costa Rica,E-PAC,M,11/10/2018,960,NA,NA,NA,NA
CL-COR027-U,Costa Rica,E-PAC,F,29/06/2018,980,NA,NA,NA,NA
CL-COR028-U,Costa Rica,E-PAC,M,29/06/2018,940,NA,NA,NA,NA
CL-COR029-U,Costa Rica,E-PAC,M,29/06/2018,830,NA,NA,NA,NA
CL-COR030-U,Costa Rica,E-PAC,M,29/06/2018,942,NA,NA,NA,NA
CL-COR031-U,Costa Rica,E-PAC,M,29/06/2018,852,NA,NA,NA,NA
CL-COR032-U,Costa Rica,E-PAC,F,29/06/2018,890,NA,NA,NA,NA
CLCR001-F,Australia,W-PAC,F,5/07/2010,875,NA,NA,NA,NA
CLCR003,Australia,W-PAC,M,14/11/2010,800,NA,FS011,NA,NA
CLCR004-M,Australia,W-PAC,M,14/11/2010,750,NA,FS012,HS025,NA
CLCR005-F,Australia,W-PAC,F,14/11/2010,840,NA,NA,NA,NA
CLCR006-F,Australia,W-PAC,F,14/11/2010,780,NA,NA,NA,NA
CLCR007-F,Australia,W-PAC,F,14/11/2010,790,NA,FS011,NA,NA
CLCR010-M,Australia,W-PAC,M,28/11/2010,850,NA,NA,NA,NA
CLCR011-M,Australia,W-PAC,M,28/11/2010,825,NA,NA,NA,NA
CLCR012-M,Australia,W-PAC,M,28/11/2010,810,NA,FS013,NA,NA
CLCR013,Australia,W-PAC,F,28/11/2010,815,NA,NA,NA,NA
CLCR014-M,Australia,W-PAC,M,28/11/2010,815,NA,NA,NA,NA
CLCR015-F,Australia,W-PAC,F,28/11/2010,830,NA,NA,NA,NA
CLCR016-M,Australia,W-PAC,M,28/11/2010,810,NA,NA,NA,NA
CLCR017,Australia,W-PAC,M,28/11/2010,800,NA,NA,NA,NA
CLCR018-F,Australia,W-PAC,F,28/11/2010,820,NA,NA,NA,NA
CLCR019-M,Australia,W-PAC,M,28/11/2010,830,NA,NA,NA,NA
CLCR020-F,Australia,W-PAC,F,28/11/2010,840,NA,NA,NA,NA
CLCR021-F,Australia,W-PAC,F,28/11/2010,800,NA,NA,NA,NA
CLCR022,Australia,W-PAC,F,28/11/2010,845,NA,NA,NA,NA
CLCR023-M,Australia,W-PAC,M,28/11/2010,880,NA,NA,NA,NA
CLCR024-M,Australia,W-PAC,M,28/11/2010,865,NA,NA,NA,NA
CLCR025-M,Australia,W-PAC,M,28/11/2010,845,NA,NA,NA,NA
CLCR027-F,Australia,W-PAC,F,28/11/2010,830,NA,NA,NA,NA
CLCR029-M,Australia,W-PAC,M,28/11/2010,865,NA,NA,NA,NA
CLCR030-M,Australia,W-PAC,M,28/11/2010,795,NA,NA,NA,NA
CLCR031,Australia,W-PAC,M,28/11/2010,845,NA,NA,NA,NA
CLCR032-M,Australia,W-PAC,M,28/11/2010,825,NA,NA,NA,NA
CLCR033-M,Australia,W-PAC,M,28/11/2010,850,NA,NA,NA,NA
CLCR034-M,Australia,W-PAC,M,28/11/2010,815,NA,NA,NA,NA
CLCR035-M,Australia,W-PAC,M,6/02/2011,880,NA,NA,NA,NA
CLCR036,Australia,W-PAC,M,6/02/2011,845,NA,NA,NA,NA
CLCR037-M,Australia,W-PAC,M,6/02/2011,810,NA,NA,NA,NA
CLCR039-F,Australia,W-PAC,F,6/02/2011,820,NA,NA,NA,NA
CLCR040,Australia,W-PAC,F,6/02/2011,870,NA,NA,NA,NA
CLCR041-M,Australia,W-PAC,M,6/02/2011,880,NA,NA,NA,NA
CLCR042-M,Australia,W-PAC,M,6/02/2011,825,NA,NA,NA,NA
CLCR044-M,Australia,W-PAC,M,6/02/2011,820,NA,NA,NA,NA
CLCR045,Australia,W-PAC,M,6/02/2011,880,NA,NA,NA,NA
CLCR046,Australia,W-PAC,M,6/02/2011,870,NA,NA,NA,NA
CLCR047,Australia,W-PAC,M,6/02/2011,725,NA,NA,NA,NA
CLCR048,Australia,W-PAC,M,6/02/2011,865,NA,NA,NA,NA
CLCR049-F,Australia,W-PAC,F,6/02/2011,880,NA,NA,NA,NA
CLCR050-F,Australia,W-PAC,F,6/02/2011,880,NA,NA,NA,NA
CLCR051-M,Australia,W-PAC,M,6/02/2011,830,NA,NA,NA,NA
CLCR052-F,Australia,W-PAC,F,6/02/2011,875,NA,NA,NA,NA
CLCR053-M,Australia,W-PAC,M,6/02/2011,850,NA,NA,NA,NA
CLCR055-M,Australia,W-PAC,M,6/02/2011,870,NA,NA,NA,NA
CLCR056-M,Australia,W-PAC,M,6/02/2011,850,NA,NA,NA,NA
CLCR057-F,Australia,W-PAC,F,27/02/2011,880,NA,NA,NA,NA
CLCR058-F,Australia,W-PAC,F,27/02/2011,880,NA,NA,NA,NA
CLCR059-F,Australia,W-PAC,F,27/02/2011,880,NA,NA,NA,NA
CLCR060-M,Australia,W-PAC,M,27/02/2011,875,NA,NA,NA,NA
CLCR061,Australia,W-PAC,M,27/02/2011,880,NA,NA,NA,NA
CLCR062-F,Australia,W-PAC,F,27/02/2011,830,NA,NA,NA,NA
CLCR063-M,Australia,W-PAC,M,27/02/2011,755,NA,NA,NA,NA
CLCR064-F,Australia,W-PAC,F,2/03/2011,1665,NA,NA,NA,NA
CLCR065,Australia,W-PAC,F,2/03/2011,1740,NA,NA,NA,NA
CLCR066-M,Australia,W-PAC,M,6/03/2011,850,NA,NA,NA,NA
CLCR067-F,Australia,W-PAC,F,6/03/2011,835,NA,NA,NA,NA
CLCR068-M,Australia,W-PAC,M,6/03/2011,870,NA,NA,NA,NA
CLCR069-U,Australia,W-PAC,U,6/03/2011,855,NA,NA,NA,NA
CLCR070-U,Australia,W-PAC,U,6/03/2011,860,NA,NA,NA,NA
CLCR071-U,Australia,W-PAC,U,6/03/2011,865,NA,NA,NA,NA
CLCR072-U,Australia,W-PAC,U,6/03/2011,870,NA,NA,NA,NA
CLCR073-U,Australia,W-PAC,U,6/03/2011,840,NA,NA,NA,NA
CLCR074-U,Australia,W-PAC,U,6/03/2011,825,NA,NA,NA,NA
CLCR075-F,Australia,W-PAC,F,6/03/2011,810,NA,NA,NA,NA
CLCR076-F,Australia,W-PAC,F,20/03/2011,850,NA,NA,NA,NA
CLCR077,Australia,W-PAC,M,20/03/2011,875,NA,NA,NA,NA
CLCR078-M,Australia,W-PAC,M,2/04/2011,1650,DUP005,NA,NA,NA
CLCR079,Australia,W-PAC,M,2/04/2011,1650,DUP005,NA,NA,NA
CLCR080-M,Australia,W-PAC,M,22/05/2011,870,NA,NA,NA,NA
CLCR081-F,Australia,W-PAC,F,22/05/2011,865,NA,NA,NA,NA
CLCR082-M,Australia,W-PAC,M,22/05/2011,875,NA,NA,NA,NA
CLCR083-M,Australia,W-PAC,M,22/05/2011,870,NA,NA,NA,NA
CLCR084,Australia,W-PAC,F,27/05/2011,1700,NA,NA,NA,NA
CLCR085-F,Australia,W-PAC,F,27/05/2011,1750,NA,NA,NA,NA
CLCR086-F,Australia,W-PAC,F,28/05/2011,1740,NA,NA,NA,NA
CLCR087-M,Australia,W-PAC,M,3/06/2011,1760,NA,NA,NA,NA
CLCR088-M,Australia,W-PAC,M,8/11/2010,900,NA,NA,NA,NA
CLCR089,Australia,W-PAC,F,8/11/2010,750,NA,NA,HS025,NA
CLCR090-M,Australia,W-PAC,M,6/12/2010,800,NA,NA,NA,NA
CLCR091-M,Australia,W-PAC,M,6/12/2010,800,NA,NA,NA,NA
CLCR092-F,Australia,W-PAC,F,7/12/2010,810,NA,NA,NA,NA
CLCR093-F,Australia,W-PAC,F,8/12/2010,820,NA,NA,NA,NA
CLCR094,Australia,W-PAC,F,8/12/2010,815,NA,NA,NA,NA
CLCR095-M,Australia,W-PAC,M,9/12/2010,800,NA,FS012,HS025,NA
CLCR096-M,Australia,W-PAC,M,8/12/2010,815,NA,NA,NA,NA
CLCR097-M,Australia,W-PAC,M,7/12/2010,910,NA,NA,HS015,NA
CLCR098,Australia,W-PAC,F,8/12/2010,834,NA,NA,NA,NA
CLCR099-M,Australia,W-PAC,M,8/12/2010,800,NA,NA,NA,NA
CLCR100-M,Australia,W-PAC,M,9/12/2010,835,NA,NA,NA,NA
CLCR101-F,Australia,W-PAC,F,9/12/2010,865,NA,NA,HS014,NA
CLCR102-F,Australia,W-PAC,F,9/12/2010,820,NA,FS013,NA,NA
CLCR104-M,Australia,W-PAC,M,9/12/2010,780,NA,NA,NA,NA
CLCR105-F,Australia,W-PAC,F,9/12/2010,880,NA,NA,HS016,NA
CLCR106-F,Australia,W-PAC,F,9/12/2010,845,NA,NA,NA,NA
CLCR107-M,Australia,W-PAC,M,9/12/2010,795,NA,NA,NA,NA
CLCR108-M,Australia,W-PAC,M,9/12/2010,905,NA,NA,HS016,NA
CLCR109-F,Australia,W-PAC,F,9/12/2010,920,NA,NA,HS015,NA
CLCR110-M,Australia,W-PAC,M,9/12/2010,840,NA,NA,NA,NA
CLCR112-F,Australia,W-PAC,F,12/12/2010,3200,NA,NA,NA,NA
CLCR113,Australia,W-PAC,F,13/12/2010,2680,NA,NA,NA,NA
CLCR117-M,Australia,W-PAC,M,2/03/2011,1770,NA,NA,NA,NA
CLCR118-F,Australia,W-PAC,F,2/03/2011,1740,NA,NA,NA,NA
CLCR119-F,Australia,W-PAC,F,2/03/2011,1890,NA,NA,NA,NA
CLCR120-F,Australia,W-PAC,F,2/03/2011,1720,NA,NA,NA,NA
CLD001-F,Australia,E-IO,F,27/09/2012,1280,NA,NA,NA,NA
CLD002-M,Australia,E-IO,M,28/09/2012,825,NA,NA,NA,NA
CLD003-M,Australia,E-IO,M,29/09/2012,990,NA,NA,NA,NA
CLD004-M,Australia,E-IO,M,29/09/2012,965,NA,NA,NA,NA
CLD005-F,Australia,E-IO,F,29/09/2012,1060,NA,NA,NA,NA
CLD006-M,Australia,E-IO,M,29/09/2012,1150,NA,NA,NA,NA
CLD007-M,Australia,E-IO,M,29/09/2012,1050,NA,NA,NA,NA
CLD008,Australia,E-IO,F,30/09/2012,1250,NA,NA,NA,NA
CLD009-M,Australia,E-IO,M,30/09/2012,945,NA,NA,NA,NA
CLD010-F,Australia,E-IO,F,30/09/2012,965,NA,NA,NA,NA
CLD012-F,Australia,E-IO,F,30/09/2012,855,NA,NA,NA,NA
CLD013-F,Australia,E-IO,F,30/09/2012,955,NA,NA,NA,NA
CLD014-F,Australia,E-IO,F,30/09/2012,930,NA,NA,NA,NA
CLD015-M,Australia,E-IO,M,30/09/2012,1030,NA,NA,NA,NA
CLD016,Australia,E-IO,F,30/09/2012,765,NA,NA,NA,NA
CLD017,Australia,E-IO,M,3/10/2012,850,NA,NA,NA,NA
CLD018,Australia,E-IO,M,3/10/2012,835,NA,NA,NA,NA
CLD019-F,Australia,E-IO,F,3/10/2012,915,NA,NA,NA,NA
CLD021-M,Australia,E-IO,M,3/10/2012,855,NA,NA,NA,NA
CLD022-F,Australia,E-IO,F,3/10/2012,940,NA,NA,NA,NA
CLD023-F,Australia,E-IO,F,3/10/2012,880,NA,NA,NA,NA
CLD024-M,Australia,E-IO,M,24/10/2015,1480,NA,NA,NA,NA
CLD025-M,Australia,E-IO,M,3/10/2012,850,NA,NA,NA,NA
CLD026-M,Australia,E-IO,M,3/10/2012,915,NA,NA,NA,NA
CLD027-F,Australia,E-IO,F,3/10/2012,1005,NA,NA,NA,NA
CLD028-M,Australia,E-IO,M,3/10/2012,925,NA,NA,NA,NA
CLD029-M,Australia,E-IO,M,4/10/2012,1000,NA,NA,NA,NA
CLD030-F,Australia,E-IO,F,4/10/2012,870,NA,NA,HS023,NA
CLD032-F,Australia,E-IO,F,4/10/2012,905,NA,NA,NA,NA
CLD033-M,Australia,E-IO,M,4/10/2012,855,NA,NA,NA,NA
CLD034-F,Australia,E-IO,F,29/10/2013,725,NA,NA,NA,NA
CLD035-F,Australia,E-IO,F,29/10/2013,713,NA,FS014,NA,NA
CLD036-F,Australia,E-IO,F,29/10/2013,745,NA,NA,NA,NA
CLD037,Australia,E-IO,M,29/10/2013,1000,NA,NA,NA,NA
CLD038-F,Australia,E-IO,F,29/10/2013,700,NA,FS014,NA,NA
CLD040-M,Australia,E-IO,M,21/10/2015,1130,NA,NA,NA,NA
CLD041,Australia,E-IO,M,23/10/2015,1270,NA,NA,NA,NA
CLD042-M,Australia,E-IO,M,24/10/2015,1480,NA,NA,NA,NA
CLD043-M,Australia,E-IO,M,24/10/2015,975,NA,NA,NA,NA
CLD044-F,Australia,E-IO,F,23/11/2015,1180,NA,NA,NA,NA
CLD045,Australia,E-IO,F,23/11/2015,1220,NA,NA,NA,NA
CLD046-F,Australia,E-IO,F,23/11/2015,815,NA,NA,HS024,NA
CLD047-M,Australia,E-IO,M,23/11/2015,915,NA,NA,NA,NA
CLD048,Australia,E-IO,M,23/11/2015,865,NA,NA,NA,NA
CLD049-F,Australia,E-IO,F,23/11/2015,905,NA,NA,NA,NA
CLD050-M,Australia,E-IO,M,23/11/2015,805,NA,NA,HS024,NA
CLDC001,Australia,E-IO,F,1/04/2008,2350,NA,NA,NA,NA
CLDC002-F,Australia,E-IO,F,1/04/2008,3100,NA,NA,NA,NA
CLDC004,Australia,E-IO,F,31/03/2008,2710,NA,NA,NA,NA
CLDC005,Australia,E-IO,F,31/03/2008,2910,NA,NA,NA,NA
CLDC006-F,Australia,E-IO,F,31/03/2008,2550,NA,NA,NA,NA
CLDC007-M,Australia,E-IO,M,31/03/2008,2440,NA,NA,NA,NA
CLDC008,Australia,E-IO,F,1/04/2008,2830,NA,NA,NA,NA
CLDC009-F,Australia,E-IO,F,1/04/2008,2550,NA,NA,NA,NA
CLDC010,Australia,E-IO,M,14/04/2008,2840,NA,NA,NA,NA
CLDC011-M,Australia,E-IO,M,13/04/2008,2290,NA,NA,NA,NA
CLDC012-M,Australia,E-IO,M,13/04/2008,2850,NA,NA,NA,NA
CLDC013-M,Australia,E-IO,M,13/04/2008,2690,NA,NA,NA,NA
CLDC014-F,Australia,E-IO,F,11/04/2008,2650,NA,NA,NA,NA
CLDC015-M,Australia,E-IO,M,17/04/2008,2760,NA,NA,NA,NA
CLDC016-F,Australia,E-IO,F,23/04/2008,2480,NA,NA,NA,NA
CLDC017-M,Australia,E-IO,M,19/04/2008,2620,NA,NA,NA,NA
CLDC018-F,Australia,E-IO,F,16/04/2008,3180,NA,NA,NA,NA
CLF001,Australia,E-IO,F,3/11/2002,1328,NA,NA,NA,NA
CLF002,Australia,E-IO,F,7/10/2002,1382,NA,NA,NA,NA
CLF003-F,Australia,E-IO,F,7/10/2002,1140,NA,NA,NA,NA
CLF006-F,Australia,E-IO,F,18/06/2002,815,NA,NA,NA,NA
CL-FIJ001-F,Fiji,Fiji,F,29/08/2016,NA,NA,NA,NA,NA
CL-FIJ002-F,Fiji,Fiji,F,14/08/2017,NA,NA,NA,NA,NA
CL-FIJ003-M,Fiji,Fiji,M,1/07/2016,NA,NA,NA,NA,NA
CL-FIJ004-F,Fiji,Fiji,F,5/01/2017,NA,NA,NA,NA,NA
CL-FIJ005-F,Fiji,Fiji,F,17/04/2017,NA,NA,NA,NA,NA
CL-FIJ006-F,Fiji,Fiji,F,23/08/2016,NA,NA,FSP019,NA,NA
CL-FIJ007-F,Fiji,Fiji,F,9/08/2017,NA,NA,NA,NA,NA
CL-FIJ008-F,Fiji,Fiji,F,5/12/2016,NA,NA,FSP019,NA,NA
CL-FIJ009-F,Fiji,Fiji,F,8/08/2016,NA,NA,NA,NA,NA
CL-FIJ010-F,Fiji,Fiji,F,15/08/2016,NA,NA,NA,NA,NA
CL-FIJ012-M,Fiji,Fiji,M,16/03/2017,NA,DUP012,NA,NA,NA
CL-FIJ014-F,Fiji,Fiji,F,13/02/2017,NA,NA,NA,NA,NA
CL-FIJ015-F,Fiji,Fiji,F,4/11/2016,NA,NA,NA,NA,NA
CL-FIJ016-M,Fiji,Fiji,M,21/08/2017,NA,NA,NA,NA,NA
CL-FIJ018-F,Fiji,Fiji,F,5/09/2016,NA,NA,NA,NA,NA
CL-FIJ019-F,Fiji,Fiji,F,19/01/2017,NA,NA,NA,NA,NA
CL-FIJ020-F,Fiji,Fiji,F,24/11/2016,NA,NA,NA,NA,NA
CL-FIJ021-F,Fiji,Fiji,F,4/10/2016,NA,NA,NA,NA,NA
CL-FIJ022-F,Fiji,Fiji,F,19/11/2016,NA,DUP013,NA,NA,NA
CL-FIJ023-F,Fiji,Fiji,F,12/09/2016,NA,DUP011,NA,NA,NA
CL-FIJ024-F,Fiji,Fiji,F,25/06/2016,NA,DUP013,NA,NA,NA
CL-FIJ026-F,Fiji,Fiji,F,30/09/2016,NA,NA,NA,NA,NA
CL-FIJ027-F,Fiji,Fiji,F,23/10/2016,NA,NA,NA,NA,NA
CL-FIJ029-F,Fiji,Fiji,F,29/08/2016,NA,NA,NA,NA,NA
CL-FIJ031-F,Fiji,Fiji,F,19/08/2017,NA,NA,NA,NA,NA
CL-GOM001-F,Gulf of Mexico,W-ATL,F,17/07/2011,2050,NA,NA,NA,NA
CL-GOM002-F,Gulf of Mexico,W-ATL,F,18/07/2014,2260,NA,NA,NA,NA
CL-GOM003-F,Gulf of Mexico,W-ATL,F,2/05/2015,1120,NA,NA,NA,NA
CL-GOM004-F,Gulf of Mexico,W-ATL,F,2/05/2015,1149,NA,NA,NA,NA
CL-GOM005-F,Gulf of Mexico,W-ATL,F,27/05/2015,1775,NA,NA,NA,NA
CL-GOM006-M,Gulf of Mexico,W-ATL,M,27/05/2015,1850,NA,NA,NA,NA
CL-GOM007-M,Gulf of Mexico,W-ATL,M,20/09/2015,1825,NA,NA,NA,NA
CL-GOM008-F,Gulf of Mexico,W-ATL,F,7/04/2016,1025,NA,NA,NA,NA
CL-GOM009-M,Gulf of Mexico,W-ATL,M,7/04/2016,1025,NA,NA,NA,NA
CL-GOM010-F,Gulf of Mexico,W-ATL,F,9/07/2016,764,NA,NA,NA,NA
CL-GOM011-F,Gulf of Mexico,W-ATL,F,9/07/2016,841,NA,NA,NA,NA
CL-GOM012-F,Gulf of Mexico,W-ATL,F,9/07/2016,850,NA,NA,NA,NA
CL-GOM013-M,Gulf of Mexico,W-ATL,M,9/07/2016,749,NA,NA,NA,NA
CL-GOM014-F,Gulf of Mexico,W-ATL,F,9/07/2016,808,NA,NA,NA,NA
CL-GOM016-F,Gulf of Mexico,W-ATL,F,9/07/2016,808,NA,NA,NA,NA
CL-GOM017-F,Gulf of Mexico,W-ATL,F,9/07/2016,784,NA,NA,NA,NA
CL-GOM018-M,Gulf of Mexico,W-ATL,M,9/07/2016,707,NA,NA,NA,NA
CL-GOM020-M,Gulf of Mexico,W-ATL,M,9/07/2016,772,NA,NA,NA,NA
CL-GOM022-M,Gulf of Mexico,W-ATL,M,9/07/2016,777,NA,NA,NA,NA
CL-GOM023-M,Gulf of Mexico,W-ATL,M,9/07/2016,770,NA,NA,NA,NA
CL-GOM024-F,Gulf of Mexico,W-ATL,F,9/07/2016,770,NA,NA,NA,NA
CL-GOM025-F,Gulf of Mexico,W-ATL,F,9/07/2016,838,NA,NA,NA,NA
CL-GOM026-M,Gulf of Mexico,W-ATL,M,9/07/2016,724,NA,NA,NA,NA
CL-GOM032-F,Gulf of Mexico,W-ATL,F,9/07/2016,789,NA,NA,NA,NA
CL-GOM033-M,Gulf of Mexico,W-ATL,M,9/07/2016,752,NA,NA,NA,NA
CL-GOM034-M,Gulf of Mexico,W-ATL,M,9/07/2016,736,NA,NA,NA,NA
CL-GOM036-M,Gulf of Mexico,W-ATL,M,9/07/2016,781,NA,NA,NA,NA
CL-GOM038-M,Gulf of Mexico,W-ATL,M,9/07/2016,792,NA,NA,NA,NA
CL-GOM040-F,Gulf of Mexico,W-ATL,F,26/09/2016,1800,NA,NA,NA,NA
CL-GOM041-F,Gulf of Mexico,W-ATL,F,7/04/2017,1020,NA,NA,NA,NA
CL-GOM042-M,Gulf of Mexico,W-ATL,M,7/04/2017,1023,NA,NA,NA,NA
CL-GOM043-M,Gulf of Mexico,W-ATL,M,10/04/2017,1150,NA,NA,NA,NA
CL-GOM044-F,Gulf of Mexico,W-ATL,F,10/04/2017,1285,NA,NA,NA,NA
CL-GOM045-M,Gulf of Mexico,W-ATL,M,10/04/2017,1170,NA,NA,NA,NA
CL-GOM046-F,Gulf of Mexico,W-ATL,F,10/04/2017,1220,NA,NA,NA,NA
CL-GOM047-M,Gulf of Mexico,W-ATL,M,10/04/2017,1170,NA,NA,NA,NA
CL-GOM048-M,Gulf of Mexico,W-ATL,M,10/04/2017,1700,NA,NA,NA,NA
CL-GOM050-M,Gulf of Mexico,W-ATL,M,10/04/2017,1430,NA,NA,NA,NA
CL-GOM054-F,Gulf of Mexico,W-ATL,F,19/07/1986,2670,NA,NA,NA,NA
CL-IND003-U,Indonesia,E-IO,U,12/03/2004,NA,NA,NA,NA,NA
CL-IND004-U,Indonesia,E-IO,U,12/03/2004,NA,NA,FS003,NA,PO002
CL-IND005-U,Indonesia,E-IO,U,12/03/2004,NA,NA,NA,NA,NA
CL-IND006-U,Indonesia,E-IO,U,12/03/2004,NA,NA,FS003,NA,PO002
CL-IND007-U,Indonesia,E-IO,U,12/03/2004,NA,NA,NA,NA,NA
CL-IND008-F,Indonesia,E-IO,F,1/02/2019,940,NA,NA,NA,NA
CL-JAP001-M,Japan,Japan,M,NA,NA,NA,NA,NA,NA
CL-JAP002-F,Japan,Japan,F,NA,2476,NA,NA,NA,NA
CL-JAP003-F,Japan,Japan,F,NA,2530,NA,NA,NA,NA
CL-JAP004-M,Japan,Japan,M,NA,1330,NA,NA,NA,NA
CL-JAP005-F,Japan,Japan,F,NA,1550,NA,NA,NA,NA
CL-JAP006-F,Japan,Japan,F,NA,1880,NA,NA,NA,NA
CL-JAP007-M,Japan,Japan,M,NA,1930,NA,NA,NA,NA
CL-JAP008-F,Japan,Japan,F,NA,1860,NA,NA,NA,NA
CL-JAP009-F,Japan,Japan,F,NA,2016,NA,NA,NA,NA
CL-JAP010-F,Japan,Japan,F,30/09/2017,1500,NA,NA,NA,NA
CL-JAP011-F,Japan,Japan,F,14/05/2014,1102,NA,NA,NA,NA
CL-JAP012-M,Japan,Japan,M,14/05/2014,1053,NA,NA,NA,NA
CL-JAP013-M,Japan,Japan,M,26/06/2014,1050,NA,NA,NA,NA
CL-JAP014-F,Japan,Japan,F,26/06/2014,785,NA,NA,NA,NA
CL-JAP015-F,Japan,Japan,F,26/06/2014,810,NA,NA,NA,NA
CL-JAP016-F,Japan,Japan,F,26/06/2014,761,NA,NA,NA,NA
CL-JAP017-M,Japan,Japan,M,26/06/2014,780,NA,NA,NA,NA
CL-JAP018-M,Japan,Japan,M,26/06/2014,732,NA,NA,NA,NA
CL-JAP019-F,Japan,Japan,F,14/07/2014,NA,DUP014,NA,NA,NA
CL-JAP020-M,Japan,Japan,M,14/07/2014,NA,NA,NA,NA,NA
CL-JAP021-F,Japan,Japan,F,13/08/2014,NA,NA,NA,NA,NA
CL-JAP022-M,Japan,Japan,M,10/09/2014,NA,NA,NA,NA,NA
CL-JAP023-M,Japan,Japan,M,10/09/2014,NA,NA,NA,NA,NA
CL-JAP024-F,Japan,Japan,F,10/09/2014,NA,NA,NA,NA,NA
CL-JAP025-F,Japan,Japan,F,10/09/2014,NA,NA,NA,NA,NA
CL-JAP026-M,Japan,Japan,M,10/09/2014,NA,NA,NA,NA,NA
CL-JAP027-M,Japan,Japan,M,15/06/2015,1070,NA,NA,NA,NA
CL-JAP028-M,Japan,Japan,M,28/06/2016,NA,NA,NA,NA,NA
CL-JAP029-M,Japan,Japan,M,28/06/2016,NA,NA,NA,NA,NA
CL-JAP030-F,Japan,Japan,F,28/06/2016,NA,NA,NA,NA,NA
CL-JAP031-M,Japan,Japan,M,28/06/2016,830,NA,NA,NA,NA
CL-JAP032-M,Japan,Japan,M,28/06/2016,NA,NA,NA,NA,NA
CL-JAP033-M,Japan,Japan,M,28/06/2016,NA,NA,NA,NA,NA
CL-JAP034-F,Japan,Japan,F,28/06/2016,NA,NA,NA,NA,NA
CL-JAP035-F,Japan,Japan,F,23/07/2016,750,DUP014,NA,NA,NA
CL-JAP036-F,Japan,Japan,F,23/07/2016,NA,NA,NA,NA,NA
CL-JAP037-F,Japan,Japan,F,23/07/2016,NA,NA,NA,NA,NA
CL-JAP038-M,Japan,Japan,M,23/07/2016,NA,NA,NA,NA,NA
CL-JAP039-F,Japan,Japan,F,23/07/2016,NA,NA,NA,NA,NA
CL-JAP040-F,Japan,Japan,F,23/07/2016,NA,NA,NA,NA,NA
CL-JAP041-F,Japan,Japan,F,15/08/2016,NA,NA,NA,NA,NA
CL-JAP042-M,Japan,Japan,M,15/08/2016,NA,NA,NA,NA,NA
CL-JAP043-M,Japan,Japan,M,22/06/2017,952,NA,NA,NA,NA
CL-JAP044-F,Japan,Japan,F,26/06/2018,NA,NA,NA,NA,NA
CL-JAP045-F,Japan,Japan,F,26/06/2018,NA,NA,NA,NA,NA
CL-JAP046-F,Japan,Japan,F,26/06/2018,NA,NA,NA,NA,NA
CL-JAP047-F,Japan,Japan,F,26/06/2018,NA,NA,NA,NA,NA
CL-JAP049-M,Japan,Japan,M,26/06/2018,NA,NA,NA,NA,NA
CLL001-F,Australia,E-IO,F,4/03/2013,764,NA,NA,NA,NA
CLL002,Australia,E-IO,F,5/03/2013,748,NA,NA,NA,NA
CLL003-F,Australia,E-IO,F,22/03/2013,727,NA,NA,HS009,NA
CLL005-F,Australia,E-IO,F,31/05/2013,820,NA,NA,NA,NA
CLL006-F,Australia,E-IO,F,31/05/2013,805,NA,NA,NA,NA
CLL007-F,Australia,E-IO,F,29/06/2013,958,NA,NA,NA,NA
CLL008-M,Australia,E-IO,M,29/07/2013,862,NA,NA,NA,NA
CLL009-M,Australia,E-IO,M,21/12/2013,800,NA,NA,NA,NA
CLL010-F,Australia,E-IO,F,21/12/2013,770,NA,NA,NA,NA
CLL011-M,Australia,E-IO,M,21/12/2013,765,NA,NA,NA,NA
CLL012-M,Australia,E-IO,M,21/12/2013,775,NA,NA,NA,NA
CLL013-F,Australia,E-IO,F,21/12/2013,673,NA,NA,NA,NA
CLL015-F,Australia,E-IO,F,21/12/2013,715,NA,NA,HS017,NA
CLL016,Australia,E-IO,M,18/11/2015,1500,NA,NA,NA,NA
CLL017-M,Australia,E-IO,M,22/12/2015,750,NA,NA,NA,NA
CLL018-,Australia,E-IO,U,NA,NA,NA,NA,NA,NA
CL-MOZ001-M,Mozambique,W-IO,M,21/01/2012,2500,NA,NA,NA,NA
CL-MOZ002-F,Mozambique,W-IO,F,23/01/2012,2200,NA,NA,NA,NA
CL-MOZ003-M,Mozambique,W-IO,M,30/01/2012,2600,NA,NA,NA,NA
CL-MOZ004-F,Mozambique,W-IO,F,2/02/2012,2800,NA,NA,NA,NA
CL-MOZ005-M,Mozambique,W-IO,M,23/11/2012,2820,NA,NA,NA,NA
CL-MOZ010-M,Mozambique,W-IO,M,20/12/2012,2640,NA,NA,NA,NA
CL-MOZ011-F,Mozambique,W-IO,F,24/01/2013,2500,NA,NA,NA,NA
CL-MOZ013-M,Mozambique,W-IO,M,29/01/2013,1950,NA,NA,NA,NA
CL-MOZ014-F,Mozambique,W-IO,F,30/01/2013,2510,NA,NA,NA,NA
CL-MOZ015-M,Mozambique,W-IO,M,31/01/2013,2830,NA,NA,NA,NA
CL-MOZ017-F,Mozambique,W-IO,F,18/02/2013,2410,NA,NA,NA,NA
CL-MOZ018-M,Mozambique,W-IO,M,19/02/2013,2510,NA,NA,NA,NA
CL-NWA008-F,Western North Atlantic,W-ATL,F,4/07/1987,2450,NA,NA,NA,NA
CL-NWA009-F,Western North Atlantic,W-ATL,F,4/07/1987,2230,NA,NA,NA,NA
CL-NWA010-M,Western North Atlantic,W-ATL,M,7/07/1987,2310,NA,NA,NA,NA
CL-NWA011-M,Western North Atlantic,W-ATL,M,8/07/1987,2380,NA,NA,NA,NA
CL-NWA012-F,Western North Atlantic,W-ATL,F,8/07/1987,2540,NA,NA,NA,NA
CL-NWA013-F,Western North Atlantic,W-ATL,F,8/07/1987,2235,NA,NA,NA,NA
CL-NWA014-F,Western North Atlantic,W-ATL,F,28/09/2015,2020,NA,NA,NA,NA
CL-NWA015-F,Western North Atlantic,W-ATL,F,28/09/2015,2200,NA,NA,NA,NA
CL-PNG001-U,Papua New Guinea,E-IO,U,5/12/2018,NA,NA,NA,NA,NA
CL-PNG002-U,Papua New Guinea,E-IO,U,5/12/2018,NA,NA,NA,NA,NA
CL-PNG004-U,Papua New Guinea,E-IO,U,16/11/2018,NA,NA,NA,NA,NA
CL-PNG005-U,Papua New Guinea,E-IO,U,16/11/2018,NA,NA,NA,NA,NA
CL-PNG006-U,Papua New Guinea,E-IO,U,NA,NA,NA,NA,NA,NA
CL-PNG007-U,Papua New Guinea,E-IO,F,19/10/2019,NA,NA,NA,HS003,NA
CL-PNG008-U,Papua New Guinea,E-IO,F,19/10/2019,NA,NA,NA,HS003,NA
CL-PNG009-U,Papua New Guinea,E-IO,F,18/10/2019,NA,DUP015,NA,NA,NA
CL-PNG010-U,Papua New Guinea,E-IO,F,18/10/2019,NA,NA,NA,NA,NA
CL-PNG011-U,Papua New Guinea,E-IO,F,18/10/2019,NA,DUP015,NA,NA,NA
CL-PNG016-U,Papua New Guinea,E-IO,M,20/10/2019,NA,NA,NA,NA,NA
CL-PNG017-U,Papua New Guinea,E-IO,M,20/10/2019,NA,NA,NA,NA,NA
CLR001-M,Australia,E-IO,M,26/07/2002,810,NA,NA,NA,NA
CLR002,Australia,E-IO,F,26/07/2002,802,NA,NA,NA,NA
CLR004-F,Australia,E-IO,F,26/07/2002,786,NA,NA,NA,NA
CLR006-F,Australia,E-IO,F,26/07/2002,860,NA,NA,NA,NA
CLR007-M,Australia,E-IO,M,27/07/2002,774,NA,NA,NA,NA
CLR008,Australia,E-IO,F,26/07/2002,770,NA,NA,NA,NA
CLR009-M,Australia,E-IO,M,26/07/2002,814,NA,NA,NA,NA
CLR010,Australia,E-IO,M,26/07/2002,866,NA,NA,NA,NA
CL-RUN001-F,Reunion,W-IO,F,6/06/2013,460,NA,NA,NA,NA
CL-RUN002-F,Reunion,W-IO,F,29/11/2012,1830,NA,NA,HS020,NA
CL-RUN003-F,Reunion,W-IO,F,6/01/2013,1880,NA,NA,NA,NA
CL-RUN004-F,Reunion,W-IO,F,26/08/2014,670,NA,NA,NA,NA
CL-RUN005-F,Reunion,W-IO,F,17/09/2014,1800,NA,NA,NA,NA
CL-RUN006-F,Reunion,W-IO,F,2/06/2015,460,NA,NA,NA,NA
CL-RUN007-M,Reunion,W-IO,M,NA,970,NA,FS001,HS021,NA
CL-RUN008-M,Reunion,W-IO,M,15/06/2015,1590,NA,NA,NA,NA
CL-RUN009-M,Reunion,W-IO,M,7/10/2015,1540,NA,NA,NA,NA
CL-RUN010-F,Reunion,W-IO,F,7/10/2015,1370,NA,NA,NA,NA
CL-RUN011-F,Reunion,W-IO,F,22/10/2015,720,NA,NA,NA,NA
CL-RUN012-F,Reunion,W-IO,F,17/12/2015,700,NA,NA,NA,NA
CL-RUN013-M,Reunion,W-IO,M,1/12/2016,690,NA,NA,NA,NA
CL-RUN014-M,Reunion,W-IO,M,12/01/2016,1970,NA,NA,NA,NA
CL-RUN015-M,Reunion,W-IO,M,21/03/2016,1250,DUP001,FS002,HS022,NA
CL-RUN016-M,Reunion,W-IO,M,21/03/2016,1270,DUP001,FS002,HS022,NA
CL-RUN017-M,Reunion,W-IO,M,15/03/2016,264,NA,NA,NA,NA
CL-RUN019-F,Reunion,W-IO,F,21/03/2016,1180,NA,NA,NA,NA
CL-RUN020-F,Reunion,W-IO,F,17/02/2016,1160,NA,FS001,HS021,NA
CL-RUN021-M,Reunion,W-IO,M,21/03/2016,1230,NA,NA,HS020,NA
CL-RUN023-M,Reunion,W-IO,M,27/10/2016,1810,NA,NA,NA,NA
CL-RUN024-M,Reunion,W-IO,M,27/10/2016,740,NA,NA,HS021,NA
CL-RUN025-F,Reunion,W-IO,F,30/10/2016,750,NA,NA,HS020,NA
CL-RUN026-M,Reunion,W-IO,M,29/11/2016,743,NA,NA,HS022,NA
CL-RUN027-M,Reunion,W-IO,M,31/10/2016,1010,NA,NA,NA,NA
CL-RUN028-M,Reunion,W-IO,M,26/04/2017,385,NA,NA,NA,NA
CL-RUN029-F,Reunion,W-IO,F,16/05/2017,410,NA,NA,NA,NA
CL-RUN030-M,Reunion,W-IO,M,18/05/2017,1910,NA,NA,NA,NA
CLSA004-M,Australia,E-IO,M,23/01/2012,923,NA,NA,HS005,NA
CLSA005-F,Australia,E-IO,F,23/01/2012,760,NA,NA,NA,NA
CLSA006-M,Australia,E-IO,M,23/01/2012,1035,NA,NA,NA,NA
CL-SAF001-M,South Africa,W-IO,M,1/01/1992,2750,NA,NA,NA,NA
CL-SAF002-F,South Africa,W-IO,F,31/01/1987,3030,NA,NA,NA,NA
CL-SAF003-M,South Africa,W-IO,M,16/02/2009,NA,NA,NA,NA,NA
CL-SAF004-M,South Africa,W-IO,M,30/11/2010,NA,NA,NA,NA,NA
CL-SAF005-M,South Africa,W-IO,M,29/05/2011,NA,NA,NA,NA,NA
CL-SAF006-M,South Africa,W-IO,M,14/02/2011,NA,NA,NA,NA,NA
CL-SAF008-M,South Africa,W-IO,M,31/03/2014,NA,NA,NA,NA,NA
CL-SAF009-M,South Africa,W-IO,M,9/06/2010,NA,NA,NA,NA,NA
CL-SAF010-F,South Africa,W-IO,F,2/08/2010,NA,NA,NA,NA,NA
CL-SAF011-M,South Africa,W-IO,M,30/05/2011,NA,NA,NA,NA,NA
CL-SAF012-M,South Africa,W-IO,M,3/12/2012,NA,NA,NA,NA,NA
CL-SAF014-M,South Africa,W-IO,M,6/12/2013,NA,NA,NA,NA,NA
CL-SAF015-F,South Africa,W-IO,F,6/12/2013,NA,NA,NA,NA,NA
CL-SAF016-M,South Africa,W-IO,M,14/04/2014,NA,NA,NA,NA,NA
CL-SAF018-U,South Africa,W-IO,U,NA,NA,NA,NA,NA,NA
CL-SAF019-F,South Africa,W-IO,F,14/06/2011,NA,NA,NA,NA,NA
CL-SAF020-F,South Africa,W-IO,F,13/06/2011,NA,NA,NA,NA,NA
CL-SAF021-M,South Africa,W-IO,M,13/12/2012,NA,NA,NA,NA,NA
CL-SAF022-F,South Africa,W-IO,F,14/12/2012,NA,NA,NA,NA,NA
CL-SAF023-F,South Africa,W-IO,F,19/05/2009,NA,NA,NA,NA,NA
CL-SAF024-F,South Africa,W-IO,F,6/11/2012,NA,NA,NA,NA,NA
CL-SAF025-F,South Africa,W-IO,F,18/01/2013,NA,NA,NA,NA,NA
CL-SAF026-F,South Africa,W-IO,F,26/10/2009,NA,NA,NA,NA,NA
CL-SAF027-M,South Africa,W-IO,M,24/01/2012,NA,NA,NA,NA,NA
CL-SAF028-M,South Africa,W-IO,M,14/03/2013,NA,NA,NA,NA,NA
CL-SAF029-F,South Africa,W-IO,F,8/04/2013,NA,NA,NA,NA,NA
CL-SAF031-M,South Africa,W-IO,M,14/01/2015,NA,NA,NA,NA,NA
CL-SAF032-U,South Africa,W-IO,U,NA,NA,NA,NA,NA,NA
CL-SEY002-F,Seychelles,W-IO,F,23/05/2013,2500,NA,NA,NA,NA
CL-SEY003-F,Seychelles,W-IO,F,20/03/2014,2700,NA,NA,NA,NA
CL-SEY004-F,Seychelles,W-IO,F,6/07/2014,2930,NA,NA,NA,NA
CL-SEY005-F,Seychelles,W-IO,F,19/07/2014,1710,NA,NA,NA,NA
CL-SEY006-F,Seychelles,W-IO,F,6/03/2014,2640,NA,NA,NA,NA
CL-SEY007-M,Seychelles,W-IO,M,4/06/2014,2500,NA,NA,NA,NA
CL-SEY008-F,Seychelles,W-IO,F,20/03/2014,2970,NA,NA,NA,NA
CL-SEY009-M,Seychelles,W-IO,M,23/06/2014,1290,NA,NA,NA,NA
CL-SEY011-M,Seychelles,W-IO,M,29/04/2014,1480,NA,NA,NA,NA
CL-SEY012-M,Seychelles,W-IO,M,23/06/2014,1540,NA,NA,NA,NA
CL-SEY013-F,Seychelles,W-IO,F,2/07/2014,2230,NA,NA,NA,NA
CL-SEY014-F,Seychelles,W-IO,F,20/05/2014,2330,NA,NA,NA,NA
CL-SEY015-F,Seychelles,W-IO,F,20/03/2014,2895,NA,NA,NA,NA
CL-SEY016-F,Seychelles,W-IO,F,20/03/2014,2800,NA,NA,NA,NA
CL-SEY017-F,Seychelles,W-IO,F,21/06/2014,1165,NA,NA,NA,NA
CL-SEY018-F,Seychelles,W-IO,F,23/01/2015,1495,NA,NA,NA,NA
CL-SEY019-F,Seychelles,W-IO,F,4/03/2015,2650,NA,NA,NA,NA
CL-SEY020-F,Seychelles,W-IO,F,14/07/2015,1325,NA,NA,NA,NA
CL-SEY021-F,Seychelles,W-IO,F,14/07/2015,1535,NA,NA,HS001,NA
CL-SEY022-F,Seychelles,W-IO,F,14/07/2015,1305,NA,NA,NA,NA
CL-SEY023-F,Seychelles,W-IO,F,15/07/2015,1045,NA,NA,NA,NA
CL-SEY024-M,Seychelles,W-IO,M,18/07/2015,1030,NA,NA,HS001,NA
CL-SEY025-F,Seychelles,W-IO,F,20/07/2015,1050,NA,NA,HS002,NA
CL-SEY026-M,Seychelles,W-IO,M,5/08/2015,1295,NA,NA,NA,NA
CL-SEY028-F,Seychelles,W-IO,F,14/08/2015,1230,NA,NA,NA,NA
CL-SEY029-F,Seychelles,W-IO,F,17/08/2015,1345,NA,NA,NA,NA
CL-SEY030-M,Seychelles,W-IO,M,15/10/2015,1610,NA,NA,NA,NA
CL-SEY031-F,Seychelles,W-IO,F,15/10/2015,2670,NA,NA,NA,NA
CL-SEY032-M,Seychelles,W-IO,M,17/10/2015,1140,NA,NA,NA,NA
CL-SEY033-F,Seychelles,W-IO,F,17/10/2015,1180,NA,NA,NA,NA
CL-SEY034-F,Seychelles,W-IO,F,17/10/2015,1062.5,NA,NA,NA,NA
CL-SEY035-F,Seychelles,W-IO,F,17/10/2015,1125,NA,NA,NA,NA
CL-SEY036-F,Seychelles,W-IO,F,26/11/2015,1105,NA,NA,HS002,NA
CL-SEY037-F,Seychelles,W-IO,F,12/02/2016,3130,NA,NA,NA,NA
CL-SEY038-F,Seychelles,W-IO,F,8/04/2016,2560,NA,NA,NA,NA
CL-SEY039-F,Seychelles,W-IO,F,8/04/2016,2930,NA,NA,NA,NA
CLSH002-M,Australia,W-PAC,M,8/02/2010,2400,NA,NA,NA,NA
CLSH003-M,Australia,W-PAC,M,24/01/2010,2350,NA,NA,NA,NA
CLSH004-M,Australia,W-PAC,M,17/02/2010,2200,NA,NA,NA,NA
CLSH005-M,Australia,W-PAC,M,24/02/2010,2760,NA,NA,NA,NA
CLSH007,Australia,W-PAC,M,1/02/2011,2600,NA,NA,NA,NA
CLSH008-F,Australia,W-PAC,F,4/02/2011,2640,DUP010,NA,NA,NA
CLSH009-F,Australia,W-PAC,F,12/02/2011,2740,NA,NA,NA,NA
CLSH010-F,Australia,W-PAC,F,11/01/2011,3220,NA,NA,HS026,NA
CLSH011-M,Australia,W-PAC,M,11/01/2011,2820,NA,NA,NA,NA
CLSH012-M,Australia,W-PAC,M,11/01/2011,2750,NA,NA,NA,NA
CLSH014-M,Australia,W-PAC,M,19/01/2011,3060,NA,NA,NA,NA
CLSH015,Australia,W-PAC,F,19/01/2011,2860,NA,NA,NA,NA
CLSH016-M,Australia,W-PAC,M,25/01/2011,2890,NA,NA,NA,NA
CLSH017,Australia,W-PAC,M,12/02/2011,2880,NA,NA,NA,NA
CLSH018-F,Australia,W-PAC,F,27/01/2011,2150,NA,NA,NA,NA
CLSH019,Australia,W-PAC,M,25/01/2011,3120,NA,NA,NA,NA
CLSH020-F,Australia,W-PAC,F,3/03/2011,2960,NA,NA,NA,NA
CLSH021-F,Australia,W-PAC,F,9/01/2012,2780,DUP010,NA,NA,NA
CLSH022-F,Australia,W-PAC,F,9/01/2012,2940,NA,NA,NA,NA
CLSH023-F,Australia,W-PAC,F,10/01/2012,3050,NA,NA,HS026,NA
CLSH024-F,Australia,W-PAC,F,18/01/2012,3020,NA,NA,NA,NA
CLSH025-M,Australia,W-PAC,M,24/01/2012,2630,NA,NA,NA,NA
CLSH026-F,Australia,W-PAC,F,24/01/2012,2740,NA,NA,NA,NA
CLSH027-F,Australia,W-PAC,F,25/01/2012,3020,NA,NA,NA,NA
CLSH029-M,Australia,W-PAC,M,31/01/2012,2580,NA,NA,NA,NA
CLSH030,Australia,W-PAC,M,25/01/2012,2660,NA,NA,NA,NA
CLSH031-M,Australia,W-PAC,M,17/01/2013,2480,NA,NA,NA,NA
CLSH032-F,Australia,W-PAC,F,25/01/2012,2470,NA,NA,NA,NA
CLSH033-M,Australia,W-PAC,M,30/01/2012,2600,NA,NA,NA,NA
CLSH034-F,Australia,W-PAC,F,16/01/2013,2640,NA,NA,NA,NA
CLSH035-M,Australia,W-PAC,M,9/02/2012,2020,NA,NA,NA,NA
CLSH036-M,Australia,W-PAC,M,16/01/2013,2790,NA,NA,NA,NA
CLSH037,Australia,W-PAC,M,17/01/2013,2750,NA,NA,NA,NA
CLSH038-M,Australia,W-PAC,M,1/03/2016,2730,NA,NA,NA,NA
CLSH039-M,Australia,W-PAC,M,1/03/2016,2490,NA,NA,NA,NA
CLSH040-M,Australia,W-PAC,M,3/03/2016,2880,NA,NA,NA,NA
CLSH041-M,Australia,W-PAC,M,3/03/2016,2800,NA,NA,NA,NA
CLSH043-F,Australia,W-PAC,F,13/02/2017,2310,NA,NA,NA,NA
CLSH044-M,Australia,W-PAC,M,13/02/2017,3000,NA,NA,NA,NA
CLSH047-F,Australia,W-PAC,F,27/02/2017,2710,NA,NA,NA,NA
CLSH048-M,Australia,W-PAC,M,1/03/2017,2820,NA,NA,NA,NA
CLSH049-M,Australia,W-PAC,M,2/03/2017,2780,NA,NA,NA,NA
CLSH050-M,Australia,W-PAC,M,11/01/2018,2040,NA,NA,NA,NA
CLSH051-M,Australia,W-PAC,M,18/01/2018,2700,NA,NA,NA,NA
CLSH053-M,Australia,W-PAC,M,24/01/2018,2700,NA,NA,NA,NA
CLSH055-M,Australia,W-PAC,M,15/02/2018,2850,NA,NA,NA,NA
CLSH056,Australia,W-PAC,M,15/02/2018,2910,NA,NA,NA,NA
CLSH057,Australia,W-PAC,M,15/02/2018,2920,NA,NA,NA,NA
CLSH058-M,Australia,W-PAC,M,21/02/2018,2550,NA,NA,NA,NA
CLSH059-F,Australia,W-PAC,F,21/02/2018,2920,NA,NA,NA,NA
CLSH060-M,Australia,W-PAC,M,22/02/2018,2490,NA,NA,NA,NA
CLSH061,Australia,W-PAC,M,27/02/2018,2700,NA,NA,HS026,NA
CLSH062,Australia,W-PAC,M,15/01/2019,2760,NA,NA,NA,NA
CLSH063-M,Australia,W-PAC,M,29/01/2019,2720,NA,NA,NA,NA
CLSH064-M,Australia,W-PAC,M,29/01/2019,2370,NA,NA,NA,NA
CLSH065,Australia,W-PAC,M,30/01/2019,2900,NA,NA,NA,NA
CLSH067-M,Australia,W-PAC,M,19/02/2019,2870,NA,NA,HS007,PO003
CLSH068-M,Australia,W-PAC,M,19/02/2019,2520,NA,NA,NA,NA
CLSH069-M,Australia,W-PAC,M,6/03/2019,2850,NA,NA,NA,NA
CLSH071-F,Australia,W-PAC,F,21/03/2019,2550,NA,NA,NA,NA
CLSH072-F,Australia,W-PAC,F,27/03/2019,2070,NA,NA,HS007,PO003
CL-SIL001-F,Sierra Leone,E-ATL,F,16/06/2006,NA,NA,NA,NA,NA
CL-SRL002-F,Sri Lanka,N-IO,F,12/09/2017,3100,NA,NA,NA,NA
CL-SRL003-M,Sri Lanka,N-IO,M,12/09/2017,2730,NA,NA,NA,NA
CL-SRL008-F,Sri Lanka,N-IO,F,29/09/2017,2730,NA,NA,NA,NA
CL-SRL010-M,Sri Lanka,N-IO,M,1/10/2017,1900,NA,NA,NA,NA
CL-SRL011-F,Sri Lanka,N-IO,F,4/10/2017,2630,NA,NA,NA,NA
CL-SRL012-F,Sri Lanka,N-IO,F,13/12/2017,820,NA,NA,NA,NA
CL-SRL013-M,Sri Lanka,N-IO,M,13/02/2018,2780,NA,NA,NA,NA
CL-SRL014-F,Sri Lanka,N-IO,F,22/03/2018,2550,NA,NA,NA,NA
CL-SRL015-M,Sri Lanka,N-IO,M,19/04/2018,1730,NA,NA,NA,NA
CL-SRL018-M,Sri Lanka,N-IO,M,29/09/2018,1280,NA,NA,NA,NA
CL-SRL019-U,Sri Lanka,N-IO,U,20/10/2017,2970,NA,NA,NA,NA
CL-SRL020-F,Sri Lanka,N-IO,F,6/10/2017,2500,NA,NA,NA,NA
CL-TAI001-U,Thailand,N-IO,U,NA,NA,NA,NA,NA,NA
CL-TAI002-U,Thailand,N-IO,U,NA,NA,NA,NA,NA,NA
CL-TAI004-U,Thailand,N-IO,U,NA,NA,NA,NA,NA,NA
CL-TAI005-U,Thailand,N-IO,U,NA,NA,NA,NA,NA,NA
CL-TAI006-U,Thailand,N-IO,U,NA,NA,NA,NA,NA,NA
CL-TAI007-U,Thailand,N-IO,U,NA,NA,NA,NA,NA,NA
CLTI002,Australia,W-PAC,F,1/01/2004,980,NA,NA,NA,NA
CLTI004-F,Australia,W-PAC,F,1/01/2004,855,NA,NA,NA,NA
CLTO001-F,Australia,E-IO,F,29/07/2002,1184,NA,FS015,NA,PO001
CLTO002-M,Australia,E-IO,M,30/07/2002,865,NA,NA,NA,NA
CLTO003,Australia,E-IO,M,30/07/2002,1112,NA,NA,NA,NA
CLTO004,Australia,E-IO,M,30/07/2002,1130,NA,NA,NA,NA
CLTO005,Australia,E-IO,M,30/07/2002,912,NA,NA,NA,NA
CLTO006-M,Australia,E-IO,M,30/07/2002,1132,NA,NA,NA,NA
CLTO007-M,Australia,E-IO,M,30/07/2002,1151,NA,NA,NA,NA
CLTO008-F,Australia,E-IO,F,30/07/2002,1182,NA,NA,NA,NA
CLTO009-F,Australia,E-IO,F,29/07/2002,1248,NA,NA,NA,NA
CLTO012-M,Australia,E-IO,M,30/07/2002,1150,NA,FS015,HS018,PO001
CLUNK001,Australia,E-IO/W-PAC,U,NA,NA,NA,NA,NA,NA
CLUNK002-U,Australia,E-IO/W-PAC,U,NA,NA,NA,NA,NA,NA
CLUNK003-U,Australia,E-IO/W-PAC,U,NA,NA,NA,NA,NA,NA
CLUNK004,Australia,E-IO/W-PAC,U,NA,NA,NA,NA,NA,NA
CLUNK005-U,Australia,E-IO/W-PAC,U,NA,NA,NA,NA,NA,NA
CLUNK006-U,Australia,E-IO/W-PAC,U,NA,NA,NA,NA,NA,NA
CLUNK007-U,Australia,E-IO/W-PAC,U,NA,NA,NA,NA,NA,NA
CLUNK008-U,Australia,E-IO/W-PAC,U,NA,NA,NA,NA,NA,NA
CLUNK009-U,Australia,E-IO/W-PAC,U,NA,NA,NA,NA,NA,NA
CLUNK010,Australia,E-IO/W-PAC,U,NA,NA,NA,NA,NA,NA
CLUNK014-U,Australia,E-IO/W-PAC,U,1/05/2009,NA,NA,NA,NA,NA
CLUNK015-U,Australia,E-IO,U,2009,NA,DUP002,NA,NA,NA
CLUNK016-U,Australia,E-IO,U,2009,NA,DUP003,NA,NA,NA
CLW001-U,Australia,E-IO,U,NA,NA,DUP004,NA,NA,NA
CLW004,Australia,E-IO,M,NA,NA,NA,NA,NA,NA
CLW006-F,Australia,E-IO,F,NA,NA,NA,NA,NA,NA
CLW007-M,Australia,E-IO,M,NA,NA,NA,NA,NA,NA
CLW008-F,Australia,E-IO,F,NA,NA,NA,NA,NA,NA
CLW011-M,Australia,E-IO,M,NA,NA,NA,NA,NA,NA
CLW012-M,Australia,E-IO,M,NA,NA,NA,NA,NA,NA
CLW013-M,Australia,E-IO,M,NA,NA,NA,NA,NA,NA
CLW014-U,Australia,E-IO,U,12/12/2005,NA,DUP004,NA,NA,NA
CLW015-U,Australia,E-IO,U,12/12/2005,NA,DUP003,NA,NA,NA
CLW016,Australia,E-IO,U,12/12/2005,NA,DUP002,NA,NA,NA
CLW017-M,Australia,E-IO,M,12/09/2002,1040,NA,NA,NA,NA
CLW018-F,Australia,E-IO,F,15/09/2002,985,NA,NA,NA,NA
CLW019-U,Australia,E-IO,U,12/03/2004,NA,NA,NA,HS019,NA
CLW020-U,Australia,E-IO,U,12/03/2004,NA,NA,NA,NA,NA
CLW021-U,Australia,E-IO,U,12/03/2004,NA,NA,NA,NA,NA
CLW022,Australia,E-IO,U,12/03/2004,NA,NA,NA,NA,NA
CLW023-U,Australia,E-IO,U,12/03/2004,NA,NA,NA,NA,NA
CLW024-U,Australia,E-IO,U,12/03/2004,NA,NA,NA,HS018,NA
CLW025-U,Australia,E-IO,U,12/03/2004,NA,NA,NA,NA,NA
CLW026-U,Australia,E-IO,U,12/03/2004,NA,NA,NA,HS019,NA
CLW027-U,Australia,E-IO,U,12/03/2004,NA,NA,NA,NA,NA
