id,pop,River,sex,lat,lon,TOTAL_LENGTH_mm,Catch_date,Sample_comment,DataComment,Parent_offspring,Full_Sib,Half_Sib,Haplotype_IntermediateQC,yearcollect,Age,Cohort
GGDU001,Cambridge Gulf,West Cambridge Gulf,F,-14.985181,128.165899,625,9/11/2015,NA,NA,NA,NA,NA,HT01,NA,NA,NA
GGDU002,Cambridge Gulf,West Cambridge Gulf,M,-14.985181,128.165899,630,9/11/2015,NA,NA,NA,NA,NA,HT20,NA,NA,NA
GGDU003,Cambridge Gulf,West Cambridge Gulf,F,-14.985181,128.165899,690,10/11/2015,NA,NA,NA,NA,NA,HT20,NA,NA,NA
GGDU004,Cambridge Gulf,West Cambridge Gulf,F,-14.985181,128.165899,654,10/11/2015,NA,NA,NA,NA,NA,HT20,NA,NA,NA
GGDU005,Cambridge Gulf,West Cambridge Gulf,M,-14.985181,128.165899,590,10/11/2015,NA,NA,NA,NA,NA,HT01,NA,NA,NA
GGDU006,Cambridge Gulf,West Cambridge Gulf,F,-14.985181,128.165899,695,11/11/2015,NA,NA,NA,NA,NA,HT12,NA,NA,NA
GGDU007,Cambridge Gulf,West Cambridge Gulf,F,-14.985181,128.165899,595,11/11/2015,NA,NA,NA,NA,NA,HT20,NA,NA,NA
GGDU008,Cambridge Gulf,West Cambridge Gulf,F,-14.985181,128.165899,715,12/11/2015,NA,NA,NA,NA,NA,HT20,NA,NA,NA
GGOR001,Cambridge Gulf,Ord River,F,-14.985181,128.165899,560,4/11/2015,NA,NA,NA,NA,NA,HT20,NA,NA,NA
GGOR002,Cambridge Gulf,Ord River,F,-14.985181,128.165899,965,4/11/2015,NA,NA,NA,NA,NA,HT20,NA,NA,NA
GGOR003,Cambridge Gulf,Ord River,F,-14.985181,128.165899,955,4/11/2015,NA,NA,NA,NA,NA,HT20,NA,NA,NA
GGOR004,Cambridge Gulf,Ord River,M,-14.985181,128.165899,1275,5/11/2015,NA,NA,NA,NA,NA,HT20,NA,NA,NA
GGOR005,Cambridge Gulf,Ord River,F,-14.985181,128.165899,1250,5/11/2015,NA,NA,NA,NA,NA,HT11,NA,NA,NA
GGOR006,Cambridge Gulf,Ord River,F,-14.985181,128.165899,635,6/11/2015,NA,NA,NA,NA,NA,HT20,NA,NA,NA
GGOR007,Cambridge Gulf,Ord River,M,-14.985181,128.165899,605,6/11/2015,NA,NA,NA,NA,NA,HT20,NA,NA,NA
GGOR008,Cambridge Gulf,Ord River,F,-14.985181,128.165899,770,6/11/2015,NA,NA,NA,NA,NA,HT20,NA,NA,NA
GGOR009,Cambridge Gulf,Ord River,F,-14.985181,128.165899,1155,7/11/2015,Recaptured,NA,NA,NA,NA,HT20,NA,NA,NA
GGOR010,Cambridge Gulf,Ord River,F,-14.985181,128.165899,1115,7/11/2015,NA,NA,NA,NA,NA,HT20,NA,NA,NA
GGOR011,Cambridge Gulf,Ord River,M,-14.985181,128.165899,635,7/11/2015,NA,NA,NA,NA,NA,HT20,NA,NA,NA
GGOR012,Cambridge Gulf,Ord River,M,-14.985181,128.165899,1075,7/11/2015,NA,NA,NA,NA,NA,HT20,NA,NA,NA
GGOR013,Cambridge Gulf,Ord River,M,-14.985181,128.165899,623,8/11/2015,NA,NA,NA,NA,NA,HT20,NA,NA,NA
GGOR014,Cambridge Gulf,Ord River,M,-14.985181,128.165899,973,8/11/2015,NA,NA,NA,NA,NA,HT20,NA,NA,NA
GGOR015,Cambridge Gulf,Ord River,F,-14.985181,128.165899,722,8/11/2015,NA,NA,NA,NA,NA,HT20,NA,NA,NA
GGPE001,Cambridge Gulf,West Cambridge Gulf,M,-14.985181,128.165899,785,15/12/2015,NA,NA,NA,NA,NA,HT20,NA,NA,NA
GGPE002,Cambridge Gulf,West Cambridge Gulf,F,-14.985181,128.165899,851,15/12/2015,NA,NA,NA,NA,NA,HT02,NA,NA,NA
GGPE003,Cambridge Gulf,West Cambridge Gulf,F,-14.985181,128.165899,725,16/12/2015,NA,NA,NA,NA,NA,HT20,NA,NA,NA
GGPE004,Cambridge Gulf,West Cambridge Gulf,F,-14.985181,128.165899,525,17/12/2015,NA,NA,NA,NA,NA,HT01,NA,NA,NA
GGPE005,Cambridge Gulf,West Cambridge Gulf,M,-14.985181,128.165899,632,17/12/2015,NA,NA,NA,NA,NA,HT01,NA,NA,NA
GGWA001,Cambridge Gulf,West Cambridge Gulf,M,-14.985181,128.165899,967,11/11/2015,NA,NA,NA,NA,NA,HT12,NA,NA,NA
GGWA002,Cambridge Gulf,West Cambridge Gulf,F,-14.985181,128.165899,835,12/11/2015,NA,NA,NA,NA,NA,HT20,NA,NA,NA
GGD001,Daly River,Daly River,M,-13.309024,130.216174,980,2/09/2014,NA,NA,NA,NA,NA,HT19,NA,NA,NA
GGD002,Daly River,Daly River,F,-13.309024,130.216174,895,2/09/2014,NA,NA,NA,NA,NA,HT16,NA,NA,NA
GGD003,Daly River,Daly River,M,-13.309024,130.216174,800,20/10/2015,NA,NA,NA,NA,NA,HT17,NA,NA,NA
GGD004,Daly River,Daly River,M,-13.309024,130.216174,1590,20/10/2015,NA,NA,NA,NA,NA,HT18,NA,NA,NA
GGD005,Daly River,Daly River,F,-13.309024,130.216174,765,20/10/2015,NA,NA,NA,NA,NA,HT18,NA,NA,NA
GGD006,Daly River,Daly River,F,-13.309024,130.216174,755,20/10/2015,NA,NA,NA,NA,NA,HT20,NA,NA,NA
GGD007,Daly River,Daly River,F,-13.309024,130.216174,710,20/10/2015,NA,NA,NA,NA,NA,HT19,NA,NA,NA
GGD008,Daly River,Daly River,M,-13.309024,130.216174,730,20/10/2015,NA,NA,NA,NA,NA,HT20,NA,NA,NA
GGD009,Daly River,Daly River,F,-13.309024,130.216174,780,20/10/2015,NA,NA,NA,NA,NA,HT20,NA,NA,NA
GGD010,Daly River,Daly River,F,-13.309024,130.216174,1010,21/10/2015,NA,HighHet,NA,NA,NA,HT20,NA,NA,NA
GGD011,Daly River,Daly River,F,-13.309024,130.216174,995,22/10/2015,NA,NA,NA,NA,NA,HT20,NA,NA,NA
GGD012,Daly River,Daly River,F,-13.309024,130.216174,915,22/10/2015,NA,NA,NA,NA,NA,HT20,NA,NA,NA
GGD013,Daly River,Daly River,M,-13.309024,130.216174,900,23/10/2015,NA,NA,NA,NA,NA,HT16,NA,NA,NA
GGD014,Daly River,Daly River,M,-13.309024,130.216174,853,23/10/2015,NA,NA,NA,NA,NA,HT19,NA,NA,NA
GGD015,Daly River,Daly River,F,-13.309024,130.216174,1685,23/10/2015,NA,NA,NA,NA,NA,HT20,NA,NA,NA
GGD016,Daly River,Daly River,M,-13.309024,130.216174,710,24/10/2015,NA,NA,NA,NA,NA,HT20,NA,NA,NA
GGD017,Daly River,Daly River,F,-13.309024,130.216174,760,24/10/2015,NA,NA,NA,NA,NA,HT19,NA,NA,NA
GGD018,Daly River,Daly River,M,-13.309024,130.216174,1600,24/10/2015,NA,NA,NA,NA,NA,HT15,NA,NA,NA
GGD019,Daly River,Daly River,F,-13.309024,130.216174,755,23/11/2015,NA,NA,NA,NA,NA,HT18,NA,NA,NA
GGD020,Daly River,Daly River,F,-13.309024,130.216174,740,23/11/2015,NA,NA,NA,NA,NA,HT18,NA,NA,NA
GGD021,Daly River,Daly River,F,-13.309024,130.216174,1190,23/11/2015,NA,NA,NA,NA,NA,HT20,NA,NA,NA
GGD022,Daly River,Daly River,M,-13.309024,130.216174,1080,23/11/2015,NA,NA,NA,NA,NA,HT20,NA,NA,NA
GGD023,Daly River,Daly River,M,-13.309024,130.216174,1010,23/11/2015,NA,NA,NA,NA,NA,HT19,NA,NA,NA
GGD024,Daly River,Daly River,M,-13.309024,130.216174,1240,23/11/2015,NA,NA,NA,NA,NA,HT20,NA,NA,NA
GGD025,Daly River,Daly River,F,-13.309024,130.216174,1030,23/11/2015,NA,NA,NA,NA,NA,HT18,NA,NA,NA
GGD026,Daly River,Daly River,F,-13.309024,130.216174,1175,23/11/2015,NA,NA,NA,NA,NA,HT19,NA,NA,NA
GGD027,Daly River,Daly River,F,-13.309024,130.216174,1355,23/11/2015,NA,NA,NA,NA,NA,HT20,NA,NA,NA
GGD028,Daly River,Daly River,F,-13.309024,130.216174,1370,23/11/2015,NA,NA,NA,NA,NA,HT20,NA,NA,NA
GGD029,Daly River,Daly River,M,-13.309024,130.216174,1200,24/11/2015,NA,LowHet,NA,NA,NA,HT19,NA,NA,NA
GGD030,Daly River,Daly River,M,-13.309024,130.216174,1210,24/11/2015,NA,NA,NA,NA,NA,HT18,NA,NA,NA
GG15,King Sound,King Sound,F,-16.975825,123.512801,1350,9/06/2003,NA,NA,NA,NA,NA,NA,NA,NA,NA
GG17,King Sound,King Sound,M,-16.975825,123.512801,1191,9/06/2003,NA,NA,NA,NA,NA,NA,NA,NA,NA
GG19,King Sound,King Sound,M,-16.975825,123.512801,906,7/06/2003,NA,NA,NA,NA,NA,NA,NA,NA,NA
GG22,King Sound,King Sound,M,-16.975825,123.512801,1418,9/06/2003,NA,NA,NA,NA,NA,NA,NA,NA,NA
GGK006,King Sound,King Sound,M,-16.975825,123.512801,1208,27/02/2016,NA,NA,NA,NA,NA,HT25,NA,NA,NA
GGK007,King Sound,King Sound,M,-16.975825,123.512801,1159,27/02/2016,NA,NA,NA,NA,NA,HT25,NA,NA,NA
GGK008,King Sound,King Sound,M,-16.975825,123.512801,1076,27/02/2016,NA,NA,NA,NA,NA,HT25,NA,NA,NA
GGK009,King Sound,King Sound,M,-16.975825,123.512801,699,27/02/2016,NA,NA,NA,NA,NA,HT25,NA,NA,NA
GGK010,King Sound,King Sound,F,-16.975825,123.512801,779,27/02/2016,NA,NA,NA,NA,NA,HT26,NA,NA,NA
GGK011,King Sound,King Sound,M,-16.975825,123.512801,1172,27/02/2016,NA,NA,NA,NA,NA,HT25,NA,NA,NA
GGK012,King Sound,King Sound,M,-16.975825,123.512801,1175,27/02/2016,NA,NA,NA,NA,NA,HT26,NA,NA,NA
GGK013,King Sound,King Sound,M,-16.975825,123.512801,1410,27/02/2016,NA,NA,NA,NA,NA,HT26,NA,NA,NA
GGK014,King Sound,King Sound,M,-16.975825,123.512801,1110,27/02/2016,NA,NA,NA,NA,NA,HT25,NA,NA,NA
GGK019,King Sound,King Sound,M,-16.975825,123.512801,1325,25/07/2010,NA,NA,NA,NA,NA,NA,NA,NA,NA
GGKS001,King Sound,King Sound,M,-16.975825,123.512801,1425,29/09/2015,NA,NA,NA,NA,NA,HT25,NA,NA,NA
GGKS002,King Sound,King Sound,M,-16.975825,123.512801,932,29/09/2015,NA,NA,NA,NA,NA,HT25,NA,NA,NA
GGKS003,King Sound,King Sound,M,-16.975825,123.512801,875,29/09/2015,NA,NA,NA,NA,NA,HT25,NA,NA,NA
GGKS004,King Sound,King Sound,M,-16.975825,123.512801,1365,30/09/2015,NA,NA,NA,NA,NA,HT25,NA,NA,NA
GGKS005,King Sound,King Sound,M,-16.975825,123.512801,1490,1/10/2015,NA,NA,NA,NA,NA,HT25,NA,NA,NA
PNG220358,Papua New Guinea,Papua New Guinea,U,-8.712294,143.665565,1050,Oct-14,NA,NA,NA,NA,NA,NA,NA,NA,NA
PNG220404,Papua New Guinea,Papua New Guinea,U,-8.712294,143.665565,900,NA,NA,Collected from dried fins,NA,NA,NA,NA,NA,NA,NA
PNG220405,Papua New Guinea,Papua New Guinea,U,-8.712294,143.665565,900,NA,NA,Collected from dried fins,NA,NA,NA,NA,NA,NA,NA
PNGTVKAT004,Papua New Guinea,Papua New Guinea,F,-8.712294,143.665565,1130,6-Nov-14,NA,NA,NA,NA,NA,NA,NA,NA,NA
GGA001,Van Diemen Gulf,South Alligator River,M,-12.205557,132.389787,1420,20/01/2012,NA,NA,NA,NA,HS042,BADseq/Low coverage,2012,8.570689268,2003
GGA002,Van Diemen Gulf,South Alligator River,F,-12.205557,132.389787,580,21/01/2012,NA,NA,NA,NA,NA,NA,2012,0.449112288,2012
GGA003,Van Diemen Gulf,South Alligator River,M,-12.205557,132.389787,1070,21/01/2012,NA,NA,NA,NA,HS034,HT13,2012,4.05994718,2008
GGA004,Van Diemen Gulf,South Alligator River,F,-12.205557,132.389787,1040,21/01/2012,NA,G.glyphis,NA,NA,NA,NA,2012,3.778354814,2008
GGA005,Van Diemen Gulf,South Alligator River,M,-12.205557,132.389787,860,21/02/2012,NA,NA,NA,NA,NA,NA,2012,2.287346481,2010
GGA006,Van Diemen Gulf,South Alligator River,F,-12.205557,132.389787,962,21/02/2012,NA,NA,NA,NA,NA,NA,2012,3.093999874,2009
GGA007,Van Diemen Gulf,South Alligator River,F,-12.205557,132.389787,1165,21/02/2012,NA,NA,NA,NA,HS018,HT06,2012,5.032232319,2007
GGA008,Van Diemen Gulf,South Alligator River,M,-12.205557,132.389787,1300,21/02/2012,NA,NA,NA,NA,NA,NA,2012,6.688671911,2005
GGA009,Van Diemen Gulf,South Alligator River,M,-12.205557,132.389787,730,21/02/2012,NA,NA,NA,NA,NA,NA,2012,1.375228747,2011
GGA018,Van Diemen Gulf,South Alligator River,F,-12.205557,132.389787,648,26/08/2012,NA,NA,NA,FS016,HS001,HT06,2013,0.854237641,2012
GGA019,Van Diemen Gulf,South Alligator River,M,-12.205557,132.389787,670,19/02/2013,NA,NA,NA,FS001,NA,HT06,2013,0.990351515,2012
GGA020,Van Diemen Gulf,South Alligator River,F,-12.205557,132.389787,837,20/02/2013,Recaptured,NA,NA,FS005,HS002,HT13,2013,2.117314216,2011
GGA021,Van Diemen Gulf,South Alligator River,F,-12.205557,132.389787,574,20/02/2013,NA,NA,NA,NA,HS003,HT13,2013,0.414438238,2013
GGA022,Van Diemen Gulf,South Alligator River,F,-12.205557,132.389787,827,22/02/2013,NA,NA,NA,FS007,HS004,HT13,2013,2.044623277,2011
GGA023,Van Diemen Gulf,South Alligator River,F,-12.205557,132.389787,795,22/02/2013,NA,NA,NA,FS012,HS011,HT13,2013,1.816831623,2011
GGA024,Van Diemen Gulf,South Alligator River,F,-12.205557,132.389787,825,22/02/2013,NA,NA,NA,FS002,HS005,HT06,2013,2.030172875,2011
GGA025,Van Diemen Gulf,South Alligator River,M,-12.205557,132.389787,785,22/02/2013,NA,Duplicate,NA,NA,NA,NA,2013,1.747101953,2011
GGA026,Van Diemen Gulf,South Alligator River,F,-12.205557,132.389787,695,21/03/2013,NA,NA,NA,FS010,HS003,HT13,2013,1.148220674,2012
GGA027,Van Diemen Gulf,South Alligator River,F,-12.205557,132.389787,795,23/03/2013,NA,NA,NA,FS002,HS005,HT06,2013,1.816831623,2011
GGA028,Van Diemen Gulf,South Alligator River,F,-12.205557,132.389787,810,23/03/2013,NA,NA,NA,NA,NA,NA,2013,1.922710895,2011
GGA029,Van Diemen Gulf,South Alligator River,F,-12.205557,132.389787,555,23/03/2013,NA,NA,NA,NA,NA,NA,2013,0.305727547,2013
GGA030,Van Diemen Gulf,South Alligator River,F,-12.205557,132.389787,695,23/03/2013,NA,NA,NA,FS011,HS006,HT06,2013,1.148220674,2012
GGA031,Van Diemen Gulf,South Alligator River,F,-12.205557,132.389787,725,23/03/2013,Recaptured,NA,NA,NA,NA,NA,2013,1.342356844,2012
GGA032,Van Diemen Gulf,South Alligator River,F,-12.205557,132.389787,945,23/03/2013,NA,NA,NA,NA,HS007,HT13,2013,2.953114404,2010
GGA033,Van Diemen Gulf,South Alligator River,F,-12.205557,132.389787,1160,23/03/2013,Recaptured,NA,NA,NA,HS008,HT06,2013,4.977645325,2008
GGA034,Van Diemen Gulf,South Alligator River,F,-12.205557,132.389787,910,23/03/2013,NA,NA,NA,NA,NA,NA,2013,2.671469499,2011
GGA035,Van Diemen Gulf,South Alligator River,F,-12.205557,132.389787,970,23/03/2013,Recaptured,NA,NA,NA,HS041,HT25,2013,3.161266542,2010
GGA036,Van Diemen Gulf,South Alligator River,F,-12.205557,132.389787,695,23/03/2013,NA,NA,NA,FS016,HS001,HT06,2013,1.148220674,2012
GGA037,Van Diemen Gulf,South Alligator River,F,-12.205557,132.389787,860,23/03/2013,NA,NA,NA,NA,NA,NA,2013,2.287346481,2011
GGA038,Van Diemen Gulf,South Alligator River,F,-12.205557,132.389787,905,20/04/2013,NA,NA,NA,FS018,NA,HT13,2013,2.632120344,2011
GGA039,Van Diemen Gulf,South Alligator River,F,-12.205557,132.389787,1040,21/04/2013,NA,NA,NA,NA,NA,NA,2013,3.778354814,2010
GGA040,Van Diemen Gulf,South Alligator River,F,-12.205557,132.389787,635,19/05/2013,NA,NA,NA,NA,NA,NA,2013,0.775001617,2013
GGA041,Van Diemen Gulf,South Alligator River,F,-12.205557,132.389787,1650,19/05/2013,NA,NA,NA,NA,NA,NA,2013,14.69792055,1999
GGA042,Van Diemen Gulf,South Alligator River,M,-12.205557,132.389787,840,19/05/2013,Recaptured 2X,NA,NA,NA,NA,NA,2013,2.1392656,2011
GGA043,Van Diemen Gulf,South Alligator River,F,-12.205557,132.389787,1150,19/05/2013,NA,NA,NA,NA,HS002,HT06,2013,4.869699263,2009
GGA044,Van Diemen Gulf,South Alligator River,M,-12.205557,132.389787,1520,19/05/2013,NA,NA,PO002,NA,NA,HT14,2013,10.6328831,2003
GGA045,Van Diemen Gulf,South Alligator River,F,-12.205557,132.389787,840,20/05/2013,Recaptured,NA,NA,NA,HS003,HT13,2013,2.1392656,2011
GGA046,Van Diemen Gulf,South Alligator River,M,-12.205557,132.389787,1410,21/05/2013,NA,NA,NA,NA,NA,NA,2013,8.393609562,2005
GGA047,Van Diemen Gulf,South Alligator River,F,-12.205557,132.389787,1530,21/05/2013,NA,NA,NA,NA,HS047,HT13,2013,10.87578028,2003
GGA048,Van Diemen Gulf,South Alligator River,M,-12.205557,132.389787,745,21/05/2013,NA,NA,NA,FS017,HS012,HT13,2013,1.47475603,2012
GGA049,Van Diemen Gulf,South Alligator River,F,-12.205557,132.389787,600,17/06/2013,NA,NA,NA,NA,HS018,HT13,2013,0.565915388,2013
GGA050,Van Diemen Gulf,South Alligator River,M,-12.205557,132.389787,580,17/06/2013,NA,NA,NA,NA,NA,NA,2013,0.449112288,2013
GGA051,Van Diemen Gulf,South Alligator River,F,-12.205557,132.389787,580,17/06/2013,NA,LowHet,NA,NA,NA,NA,2013,0.449112288,2013
GGA052,Van Diemen Gulf,South Alligator River,M,-12.205557,132.389787,800,18/06/2013,Recaptured,NA,NA,NA,HS009,HT13,2013,1.851951735,2012
GGA053,Van Diemen Gulf,South Alligator River,M,-12.205557,132.389787,1240,18/06/2013,Recaptured,LowHet,NA,NA,NA,NA,2013,5.905057855,2008
GGA054,Van Diemen Gulf,South Alligator River,M,-12.205557,132.389787,1550,18/06/2013,NA,NA,NA,NA,HS010,HT06,2013,11.38767422,2002
GGA055,Van Diemen Gulf,South Alligator River,M,-12.205557,132.389787,1540,18/06/2013,NA,NA,PO001,NA,NA,HT13,2013,11.12717207,2002
GGA056,Van Diemen Gulf,South Alligator River,F,-12.205557,132.389787,730,18/06/2013,NA,NA,NA,NA,NA,NA,2013,1.375228747,2012
GGA057,Van Diemen Gulf,South Alligator River,F,-12.205557,132.389787,600,18/06/2013,NA,NA,NA,NA,NA,NA,2013,0.565915388,2013
GGA058,Van Diemen Gulf,South Alligator River,M,-12.205557,132.389787,1340,18/06/2013,NA,NA,NA,NA,NA,HT06,2013,7.262954956,2006
GGA059,Van Diemen Gulf,South Alligator River,F,-12.205557,132.389787,1030,18/06/2013,NA,NA,NA,NA,HS011,HT13,2013,3.686889553,2010
GGA060,Van Diemen Gulf,South Alligator River,M,-12.205557,132.389787,1170,19/06/2013,NA,NA,NA,NA,NA,NA,2013,5.087236968,2008
GGA061,Van Diemen Gulf,South Alligator River,F,-12.205557,132.389787,950,1/07/2013,NA,NA,NA,NA,HS012,HT13,2014,2.994265476,2011
GGA062,Van Diemen Gulf,South Alligator River,M,-12.205557,132.389787,1465,19/06/2013,NA,NA,NA,NA,NA,NA,2013,9.426409588,2004
GGA063,Van Diemen Gulf,South Alligator River,M,-12.205557,132.389787,700,20/06/2013,NA,NA,NA,NA,HS004,HT06,2013,1.18021482,2012
GGA064,Van Diemen Gulf,South Alligator River,M,-12.205557,132.389787,800,20/06/2013,NA,NA,NA,NA,NA,NA,2013,1.851951735,2012
GGA065,Van Diemen Gulf,South Alligator River,M,-12.205557,132.389787,1270,20/06/2013,Recaptured,NA,NA,NA,HS013,HT14,2013,6.286193353,2007
GGA066,Van Diemen Gulf,South Alligator River,F,-12.205557,132.389787,870,20/06/2013,NA,NA,NA,FS002,HS005,HT06,2013,2.362546671,2011
GGA067,Van Diemen Gulf,South Alligator River,M,-12.205557,132.389787,1410,20/06/2013,NA,NA,NA,NA,NA,NA,2013,8.393609562,2005
GGA068,Van Diemen Gulf,South Alligator River,M,-12.205557,132.389787,1345,20/06/2013,NA,NA,NA,NA,NA,NA,2013,7.338076566,2006
GGA069,Van Diemen Gulf,South Alligator River,M,-12.205557,132.389787,1060,20/06/2013,NA,NA,NA,NA,NA,NA,2013,3.964852241,2010
GGA070,Van Diemen Gulf,South Alligator River,M,-12.205557,132.389787,925,20/06/2013,Recaptured,NA,NA,NA,NA,NA,2013,2.790825964,2011
GGA071,Van Diemen Gulf,South Alligator River,F,-12.205557,132.389787,855,20/06/2013,NA,NA,NA,NA,NA,NA,2013,2.250039326,2011
GGA072,Van Diemen Gulf,South Alligator River,F,-12.205557,132.389787,980,20/06/2013,NA,NA,NA,NA,NA,NA,2013,3.246244749,2010
GGA073,Van Diemen Gulf,South Alligator River,M,-12.205557,132.389787,760,2/07/2013,NA,NA,NA,NA,NA,NA,2014,1.57568056,2012
GGA074,Van Diemen Gulf,South Alligator River,M,-12.205557,132.389787,990,2/07/2013,NA,NA,NA,NA,NA,HT06,2014,3.332239466,2010
GGA075,Van Diemen Gulf,South Alligator River,M,-12.205557,132.389787,910,2/07/2013,NA,NA,NA,NA,HS014,HT13,2014,2.671469499,2011
GGA076,Van Diemen Gulf,South Alligator River,F,-12.205557,132.389787,880,3/07/2013,Recaptured,NA,NA,FS006,HS015,HT13,2014,2.438541804,2011
GGA077,Van Diemen Gulf,South Alligator River,F,-12.205557,132.389787,1005,3/07/2013,NA,NA,NA,NA,HS003,HT13,2014,3.463191586,2010
GGA078,Van Diemen Gulf,South Alligator River,M,-12.205557,132.389787,795,4/07/2013,NA,NA,NA,NA,HS037,HT13,2014,1.816831623,2012
GGA079,Van Diemen Gulf,South Alligator River,M,-12.205557,132.389787,825,4/07/2013,NA,NA,NA,NA,HS019,HT13,2014,2.030172875,2011
GGA080,Van Diemen Gulf,South Alligator River,F,-12.205557,132.389787,950,4/07/2013,Recaptured,NA,NA,NA,HS016,HT13,2014,2.994265476,2011
GGA081,Van Diemen Gulf,South Alligator River,M,-12.205557,132.389787,915,4/07/2013,NA,NA,NA,NA,NA,NA,2014,2.711035216,2011
GGA082,Van Diemen Gulf,South Alligator River,M,-12.205557,132.389787,815,4/07/2013,NA,NA,NA,NA,HS036,HT06,2014,1.958353371,2012
GGA083,Van Diemen Gulf,South Alligator River,M,-12.205557,132.389787,960,4/07/2013,NA,NA,NA,NA,HS016,HT13,2014,3.077281093,2010
GGA084,Van Diemen Gulf,South Alligator River,M,-12.205557,132.389787,1536,4/07/2013,NA,NA,NA,NA,HS017,HT13,2014,11.02555805,2002
GGA085,Van Diemen Gulf,South Alligator River,F,-12.205557,132.389787,885,18/07/2013,Recaptured,NA,NA,FS018,NA,HT13,2014,2.476842761,2011
GGA086,Van Diemen Gulf,South Alligator River,F,-12.205557,132.389787,905,18/07/2013,NA,NA,NA,NA,HS007,HT13,2014,2.632120344,2011
GGA087,Van Diemen Gulf,South Alligator River,M,-12.205557,132.389787,690,19/07/2013,Recaptured,NA,NA,FS008,NA,HT13,2014,1.116368285,2012
GGA088,Van Diemen Gulf,South Alligator River,M,-12.205557,132.389787,735,19/07/2013,NA,NA,PO003,NA,NA,HT06,2014,1.408251647,2012
GGA089,Van Diemen Gulf,South Alligator River,M,-12.205557,132.389787,565,19/07/2013,NA,NA,NA,NA,NA,NA,2014,0.362738731,2013
GGA090,Van Diemen Gulf,South Alligator River,M,-12.205557,132.389787,834,19/07/2013,NA,NA,NA,NA,NA,NA,2014,2.095429656,2011
GGA091,Van Diemen Gulf,South Alligator River,M,-12.205557,132.389787,1040,20/07/2013,NA,NA,NA,NA,HS018,HT13,2014,3.778354814,2010
GGA092,Van Diemen Gulf,South Alligator River,M,-12.205557,132.389787,705,20/07/2013,NA,NA,NA,NA,HS006,HT06,2014,1.212351988,2012
GGA093,Van Diemen Gulf,South Alligator River,M,-12.205557,132.389787,560,21/07/2013,NA,NA,NA,NA,HS001,HT06,2014,0.334176625,2013
GGA094,Van Diemen Gulf,South Alligator River,M,-12.205557,132.389787,795,21/07/2013,NA,NA,NA,NA,NA,NA,2014,1.816831623,2012
GGA095,Van Diemen Gulf,South Alligator River,F,-12.205557,132.389787,842,21/07/2013,NA,NA,NA,FS012,HS011,HT13,2014,2.153937182,2011
GGA096,Van Diemen Gulf,South Alligator River,M,-12.205557,132.389787,830,21/07/2013,NA,NA,NA,NA,HS007,HT06,2014,2.066353488,2011
GGA097,Van Diemen Gulf,South Alligator River,F,-12.205557,132.389787,865,21/07/2013,NA,NA,NA,NA,NA,NA,2014,2.324848249,2011
GGA098,Van Diemen Gulf,South Alligator River,F,-12.205557,132.389787,925,16/08/2013,NA,NA,NA,FS005,HS002,HT13,2014,2.790825964,2011
GGA099,Van Diemen Gulf,South Alligator River,F,-12.205557,132.389787,1015,16/08/2013,NA,NA,NA,NA,NA,NA,2014,3.551837254,2010
GGA100,Van Diemen Gulf,South Alligator River,F,-12.205557,132.389787,880,16/08/2013,Recaptured,NA,NA,FS006,HS015,HT13,2014,2.438541804,2011
GGA101,Van Diemen Gulf,South Alligator River,F,-12.205557,132.389787,935,16/08/2013,NA,NA,NA,NA,HS019,HT25,2014,2.87151225,2011
GGA102,Van Diemen Gulf,South Alligator River,F,-12.205557,132.389787,980,16/08/2013,NA,NA,NA,NA,NA,NA,2014,3.246244749,2010
GGA103,Van Diemen Gulf,South Alligator River,M,-12.205557,132.389787,735,17/08/2013,Recaptured,NA,NA,NA,HS059,HT06,2014,1.408251647,2012
GGA104,Van Diemen Gulf,South Alligator River,F,-12.205557,132.389787,700,17/08/2013,Recaptured,NA,NA,NA,NA,NA,2014,1.18021482,2012
GGA105,Van Diemen Gulf,South Alligator River,F,-12.205557,132.389787,1670,18/04/2013,NA,NA,NA,NA,HS008,HT06,2013,15.59212414,1998
GGA106,Van Diemen Gulf,South Alligator River,M,-12.205557,132.389787,965,19/04/2013,NA,NA,NA,NA,NA,NA,2013,3.119151175,2010
GGA107,Van Diemen Gulf,South Alligator River,M,-12.205557,132.389787,1450,20/04/2013,NA,NA,NA,NA,NA,NA,2013,9.129706987,2004
GGA108,Van Diemen Gulf,South Alligator River,F,-12.205557,132.389787,1290,20/04/2013,NA,NA,NA,NA,HS014,HT14,2013,6.55199341,2007
GGA109,Van Diemen Gulf,South Alligator River,M,-12.205557,132.389787,1210,20/04/2013,NA,NA,NA,NA,NA,NA,2013,5.543115351,2008
GGA110,Van Diemen Gulf,South Alligator River,M,-12.205557,132.389787,890,20/04/2013,NA,NA,NA,NA,NA,NA,2013,2.515348866,2011
GGA111,Van Diemen Gulf,Wildman River,F,-12.295019,132.060536,1055,28/08/2013,NA,NA,NA,NA,HS020,HT21,2014,3.917772356,2010
GGA112,Van Diemen Gulf,Wildman River,F,-12.295019,132.060536,1065,28/08/2013,NA,NA,NA,FS020,HS021,HT22,2014,4.012242476,2010
GGA113,Van Diemen Gulf,Wildman River,F,-12.295019,132.060536,1230,29/08/2013,NA,NA,NA,NA,HS022,HT13,2014,5.782374458,2008
GGA114,Van Diemen Gulf,Wildman River,M,-12.295019,132.060536,1005,29/08/2013,NA,NA,NA,FS003,NA,HT13,2014,3.463191586,2010
GGA115,Van Diemen Gulf,Wildman River,M,-12.295019,132.060536,870,29/08/2013,NA,NA,NA,FS022,HS022,HT13,2014,2.362546671,2011
GGA116,Van Diemen Gulf,Wildman River,M,-12.295019,132.060536,675,29/08/2013,Recaptured,NA,NA,NA,HS023,HT13,2014,1.021649225,2013
GGA117,Van Diemen Gulf,Wildman River,F,-12.295019,132.060536,1065,29/08/2013,NA,NA,NA,FS020,HS021,HT22,2014,4.012242476,2010
GGA118,Van Diemen Gulf,Wildman River,M,-12.295019,132.060536,960,29/08/2013,Recaptured,NA,NA,NA,NA,HT22,2014,3.077281093,2011
GGA119,Van Diemen Gulf,Wildman River,F,-12.295019,132.060536,840,29/08/2013,Recaptured,NA,NA,FS022,HS022,HT13,2014,2.1392656,2012
GGA120,Van Diemen Gulf,South Alligator River,F,-12.205557,132.389787,865,12/09/2013,Recaptured,NA,NA,FS006,HS015,HT13,2014,2.324848249,2011
GGA121,Van Diemen Gulf,South Alligator River,M,-12.205557,132.389787,1340,12/09/2013,NA,NA,NA,NA,HS019,HT25,2014,7.262954956,2006
GGA122,Van Diemen Gulf,South Alligator River,M,-12.205557,132.389787,665,12/09/2013,NA,NA,NA,NA,NA,NA,2014,0.95918947,2013
GGA123,Van Diemen Gulf,South Alligator River,F,-12.205557,132.389787,805,12/09/2013,NA,NA,NA,NA,NA,NA,2014,1.887244259,2012
GGA124,Van Diemen Gulf,South Alligator River,M,-12.205557,132.389787,615,12/09/2013,Recaptured,NA,NA,NA,HS024,HT13,2014,0.65478021,2013
GGA125,Van Diemen Gulf,South Alligator River,M,-12.205557,132.389787,790,12/09/2013,NA,NA,NA,NA,NA,NA,2014,1.781882247,2012
GGA126,Van Diemen Gulf,South Alligator River,F,-12.205557,132.389787,665,12/09/2013,NA,NA,NA,NA,NA,NA,2014,0.95918947,2013
GGA127,Van Diemen Gulf,South Alligator River,F,-12.205557,132.389787,950,12/09/2013,NA,NA,NA,NA,NA,NA,2014,2.994265476,2011
GGA128,Van Diemen Gulf,South Alligator River,M,-12.205557,132.389787,600,12/09/2013,NA,NA,NA,NA,NA,NA,2014,0.565915388,2013
GGA129,Van Diemen Gulf,South Alligator River,F,-12.205557,132.389787,910,13/09/2013,Recaptured,NA,NA,NA,NA,NA,2014,2.671469499,2011
GGA130,Van Diemen Gulf,South Alligator River,F,-12.205557,132.389787,900,13/09/2013,Recaptured,NA,NA,NA,NA,NA,2014,2.592985394,2011
GGA131,Van Diemen Gulf,South Alligator River,M,-12.205557,132.389787,570,13/09/2013,NA,NA,NA,FS009,NA,HT06,2014,0.391414767,2013
GGA132,Van Diemen Gulf,East Alligator River,F,-12.068099,132.590849,1350,26/09/2013,NA,NA,NA,NA,NA,HT07,2014,7.413991449,2006
GGA133,Van Diemen Gulf,East Alligator River,M,-12.068099,132.590849,935,27/09/2013,NA,NA,NA,NA,HS025,HT13,2014,2.87151225,2011
GGA134,Van Diemen Gulf,East Alligator River,M,-12.068099,132.590849,1025,27/09/2013,Recaptured,NA,NA,NA,NA,HT13,2014,3.641589638,2010
GGA135,Van Diemen Gulf,East Alligator River,M,-12.068099,132.590849,1070,27/09/2013,NA,NA,NA,NA,NA,HT13,2014,4.05994718,2010
GGA136,Van Diemen Gulf,East Alligator River,M,-12.068099,132.590849,1300,27/09/2013,NA,NA,NA,NA,NA,HT25,2014,6.688671911,2007
GGA137,Van Diemen Gulf,East Alligator River,M,-12.068099,132.590849,1110,27/09/2013,NA,NA,NA,NA,NA,HT13,2014,4.453428287,2009
GGA138,Van Diemen Gulf,East Alligator River,F,-12.068099,132.590849,1530,27/09/2013,NA,NA,NA,NA,NA,HT23,2014,10.87578028,2003
GGA139,Van Diemen Gulf,East Alligator River,M,-12.068099,132.590849,685,27/09/2013,NA,NA,NA,NA,HS026,HT06,2014,1.0846564,2013
GGA140,Van Diemen Gulf,East Alligator River,M,-12.068099,132.590849,655,27/09/2013,NA,NA,NA,NA,NA,HT13,2014,0.897267704,2013
GGA141,Van Diemen Gulf,East Alligator River,M,-12.068099,132.590849,1135,28/09/2013,NA,NA,NA,NA,HS056,HT06,2014,4.710759718,2009
GGA142,Van Diemen Gulf,East Alligator River,F,-12.068099,132.590849,970,28/09/2013,NA,NA,NA,NA,NA,HT06,2014,3.161266542,2011
GGA143,Van Diemen Gulf,East Alligator River,M,-12.068099,132.590849,1450,28/09/2013,NA,NA,NA,NA,NA,HT13,2014,9.129706987,2005
GGA144,Van Diemen Gulf,East Alligator River,F,-12.068099,132.590849,1075,28/09/2013,NA,NA,NA,NA,NA,HT25,2014,4.107970556,2010
GGA145,Van Diemen Gulf,East Alligator River,M,-12.068099,132.590849,890,28/09/2013,NA,NA,NA,NA,NA,HT07,2014,2.515348866,2011
GGA146,Van Diemen Gulf,East Alligator River,M,-12.068099,132.590849,870,28/09/2013,NA,NA,NA,NA,NA,HT25,2014,2.362546671,2011
GGA147,Van Diemen Gulf,East Alligator River,M,-12.068099,132.590849,915,28/09/2013,NA,NA,NA,NA,HS026,HT06,2014,2.711035216,2011
GGA148,Van Diemen Gulf,East Alligator River,M,-12.068099,132.590849,1050,28/09/2013,NA,NA,NA,NA,HS027,HT06,2014,3.870998785,2010
GGA149,Van Diemen Gulf,East Alligator River,M,-12.068099,132.590849,1180,28/09/2013,NA,NA,NA,NA,NA,HT24,2014,5.198525145,2009
GGA150,Van Diemen Gulf,East Alligator River,F,-12.068099,132.590849,965,28/09/2013,NA,NA,NA,NA,HS007,HT07,2014,3.119151175,2011
GGA151,Van Diemen Gulf,South Alligator River,F,-12.205557,132.389787,905,30/09/2013,NA,NA,NA,NA,NA,NA,2014,2.632120344,2011
GGA152,Van Diemen Gulf,South Alligator River,F,-12.205557,132.389787,1420,30/09/2013,NA,NA,NA,NA,HS002,HT13,2014,8.570689268,2005
GGA153,Van Diemen Gulf,South Alligator River,F,-12.205557,132.389787,1290,30/09/2013,NA,NA,NA,NA,NA,NA,2014,6.55199341,2007
GGA154,Van Diemen Gulf,South Alligator River,F,-12.205557,132.389787,1210,12/10/2013,Recaptured,NA,NA,NA,HS040,HT13,2014,5.543115351,2008
GGA155,Van Diemen Gulf,South Alligator River,F,-12.205557,132.389787,895,30/09/2013,NA,NA,NA,FS007,HS004,HT13,2014,2.554062328,2011
GGA156,Van Diemen Gulf,South Alligator River,F,-12.205557,132.389787,825,30/09/2013,NA,NA,NA,FS010,HS003,HT13,2014,2.030172875,2012
GGA157,Van Diemen Gulf,South Alligator River,F,-12.205557,132.389787,1070,30/09/2013,NA,NA,NA,FS006,HS015,HT13,2014,4.05994718,2010
GGA158,Van Diemen Gulf,South Alligator River,F,-12.205557,132.389787,740,30/09/2013,Recaptured,NA,NA,FS017,HS012,HT13,2014,1.441426937,2012
GGA159,Van Diemen Gulf,South Alligator River,F,-12.205557,132.389787,1380,30/09/2013,NA,NA,NA,NA,NA,HT06,2014,7.887127456,2006
GGA160,Van Diemen Gulf,South Alligator River,F,-12.205557,132.389787,750,30/09/2013,NA,NA,NA,NA,HS017,HT13,2014,1.50824036,2012
GGA161,Van Diemen Gulf,East Alligator River,F,-12.068099,132.590849,910,1/10/2013,NA,NA,NA,NA,NA,HT25,2014,2.671469499,2011
GGA162,Van Diemen Gulf,East Alligator River,F,-12.068099,132.590849,885,1/10/2013,NA,NA,NA,NA,NA,HT13,2014,2.476842761,2011
GGA163,Van Diemen Gulf,East Alligator River,F,-12.068099,132.590849,920,1/10/2013,NA,NA,NA,NA,NA,HT24,2014,2.750819892,2011
GGA164,Van Diemen Gulf,East Alligator River,F,-12.068099,132.590849,935,1/10/2013,NA,NA,PO001,NA,HS028,HT22,2014,2.87151225,2011
GGA165,Van Diemen Gulf,East Alligator River,F,-12.068099,132.590849,770,1/10/2013,NA,NA,NA,NA,NA,HT13,2014,1.643759408,2012
GGA166,Van Diemen Gulf,East Alligator River,M,-12.068099,132.590849,775,1/10/2013,NA,NA,NA,NA,HS029,HT25,2014,1.678042127,2012
GGA167,Van Diemen Gulf,East Alligator River,M,-12.068099,132.590849,935,1/10/2013,NA,NA,NA,NA,NA,HT25,2014,2.87151225,2011
GGA168,Van Diemen Gulf,East Alligator River,F,-12.068099,132.590849,1000,1/10/2013,NA,NA,NA,NA,HS029,HT25,2014,3.419275306,2010
GGA169,Van Diemen Gulf,East Alligator River,M,-12.068099,132.590849,1055,1/10/2013,NA,NA,NA,NA,HS030,HT25,2014,3.917772356,2010
GGA170,Van Diemen Gulf,East Alligator River,F,-12.068099,132.590849,1610,1/10/2013,NA,NA,NA,NA,NA,HT25,2014,13.18681647,2001
GGA171,Van Diemen Gulf,East Alligator River,M,-12.068099,132.590849,1100,1/10/2013,NA,NA,NA,NA,HS031,HT06,2014,4.353020613,2009
GGA172,Van Diemen Gulf,East Alligator River,F,-12.068099,132.590849,1150,1/10/2013,NA,NA,NA,NA,NA,HT23,2014,4.869699263,2009
GGA173,Van Diemen Gulf,East Alligator River,F,-12.068099,132.590849,1330,1/10/2013,NA,NA,NA,NA,HS026,HT06,2014,7.115026432,2007
GGA174,Van Diemen Gulf,East Alligator River,M,-12.068099,132.590849,1010,1/10/2013,NA,NA,NA,NA,HS020,HT25,2014,3.507377789,2010
GGA175,Van Diemen Gulf,East Alligator River,F,-12.068099,132.590849,1155,1/10/2013,NA,NA,PO002,FS019,NA,HT25,2014,4.923469691,2009
GGA176,Van Diemen Gulf,East Alligator River,F,-12.068099,132.590849,760,1/10/2013,NA,NA,NA,NA,NA,HT13,2014,1.57568056,2012
GGA177,Van Diemen Gulf,East Alligator River,F,-12.068099,132.590849,1110,1/10/2013,NA,NA,NA,NA,NA,HT13,2014,4.453428287,2009
GGA178,Van Diemen Gulf,East Alligator River,M,-12.068099,132.590849,845,1/10/2013,NA,NA,NA,NA,NA,HT25,2014,2.176000849,2012
GGA179,Van Diemen Gulf,East Alligator River,F,-12.068099,132.590849,1070,1/10/2013,NA,NA,NA,NA,HS053,HT25,2014,4.05994718,2010
GGA180,Van Diemen Gulf,East Alligator River,F,-12.068099,132.590849,885,1/10/2013,NA,NA,NA,NA,NA,HT07,2014,2.476842761,2011
GGA181,Van Diemen Gulf,East Alligator River,F,-12.068099,132.590849,770,2/10/2013,NA,NA,NA,NA,NA,HT13,2014,1.643759408,2012
GGA182,Van Diemen Gulf,East Alligator River,M,-12.068099,132.590849,805,2/10/2013,NA,NA,NA,FS013,NA,HT13,2014,1.887244259,2012
GGA183,Van Diemen Gulf,East Alligator River,M,-12.068099,132.590849,1030,2/10/2013,NA,NA,NA,NA,HS027,HT25,2014,3.686889553,2010
GGA184,Van Diemen Gulf,East Alligator River,M,-12.068099,132.590849,1520,2/10/2013,NA,NA,NA,NA,NA,HT25,2014,10.6328831,2003
GGA185,Van Diemen Gulf,East Alligator River,M,-12.068099,132.590849,1120,2/10/2013,NA,NA,NA,NA,HS005,HT13,2014,4.555258213,2009
GGA186,Van Diemen Gulf,East Alligator River,F,-12.068099,132.590849,1315,2/10/2013,NA,NA,NA,NA,HS057,HT25,2014,6.898688966,2007
GGA187,Van Diemen Gulf,East Alligator River,M,-12.068099,132.590849,1320,2/10/2013,NA,NA,NA,NA,NA,HT13,2014,6.970080542,2007
GGA188,Van Diemen Gulf,East Alligator River,M,-12.068099,132.590849,860,2/10/2013,NA,NA,NA,NA,NA,HT25,2014,2.287346481,2011
GGA189,Van Diemen Gulf,East Alligator River,F,-12.068099,132.590849,810,2/10/2013,NA,NA,NA,NA,NA,HT06,2014,1.922710895,2012
GGA190,Van Diemen Gulf,East Alligator River,M,-12.068099,132.590849,1025,2/10/2013,NA,NA,PO002,FS019,NA,HT25,2014,3.641589638,2010
GGA191,Van Diemen Gulf,East Alligator River,F,-12.068099,132.590849,1215,2/10/2013,NA,NA,NA,NA,HS032,HT25,2014,5.602187767,2008
GGA192,Van Diemen Gulf,East Alligator River,M,-12.068099,132.590849,865,2/10/2013,NA,NA,NA,NA,NA,NA,2014,2.324848249,2011
GGA193,Van Diemen Gulf,East Alligator River,F,-12.068099,132.590849,1820,2/10/2013,NA,NA,NA,NA,NA,HT24,2014,51.66171319,1962
GGA194,Van Diemen Gulf,East Alligator River,M,-12.068099,132.590849,1200,2/10/2013,NA,NA,NA,NA,HS033,HT25,2014,5.426407064,2008
GGA195,Van Diemen Gulf,East Alligator River,F,-12.068099,132.590849,1385,2/10/2013,NA,NA,NA,NA,NA,HT13,2014,7.969101806,2006
GGA196,Van Diemen Gulf,East Alligator River,M,-12.068099,132.590849,885,2/10/2013,NA,NA,NA,NA,NA,HT06,2014,2.476842761,2011
GGA197,Van Diemen Gulf,East Alligator River,M,-12.068099,132.590849,850,2/10/2013,NA,NA,NA,NA,NA,NA,2014,2.212924775,2012
GGA198,Van Diemen Gulf,East Alligator River,F,-12.068099,132.590849,780,2/10/2013,NA,NA,NA,NA,HS033,HT25,2014,1.712489115,2012
GGA199,Van Diemen Gulf,East Alligator River,M,-12.068099,132.590849,1060,2/10/2013,NA,NA,NA,NA,NA,NA,2014,3.964852241,2010
GGA200,Van Diemen Gulf,East Alligator River,F,-12.068099,132.590849,970,2/10/2013,NA,NA,NA,NA,NA,HT25,2014,3.161266542,2011
GGA201,Van Diemen Gulf,East Alligator River,F,-12.068099,132.590849,1025,2/10/2013,NA,NA,NA,NA,HS034,HT25,2014,3.641589638,2010
GGA202,Van Diemen Gulf,East Alligator River,M,-12.068099,132.590849,1520,2/10/2013,NA,NA,NA,NA,HS035,HT25,2014,10.6328831,2003
GGA203,Van Diemen Gulf,East Alligator River,F,-12.068099,132.590849,675,3/10/2013,NA,NA,NA,NA,NA,NA,2014,1.021649225,2013
GGA204,Van Diemen Gulf,East Alligator River,F,-12.068099,132.590849,795,3/10/2013,NA,NA,NA,NA,HS036,HT13,2014,1.816831623,2012
GGA205,Van Diemen Gulf,East Alligator River,M,-12.068099,132.590849,760,3/10/2013,NA,NA,NA,NA,NA,NA,2014,1.57568056,2012
GGA206,Van Diemen Gulf,East Alligator River,M,-12.068099,132.590849,745,3/10/2013,NA,NA,NA,NA,HS032,HT25,2014,1.47475603,2012
GGA207,Van Diemen Gulf,East Alligator River,F,-12.068099,132.590849,720,3/10/2013,NA,NA,NA,NA,NA,NA,2014,1.309634564,2012
GGA208,Van Diemen Gulf,East Alligator River,F,-12.068099,132.590849,1135,3/10/2013,NA,NA,NA,NA,NA,NA,2014,4.710759718,2009
GGA209,Van Diemen Gulf,East Alligator River,F,-12.068099,132.590849,905,3/10/2013,NA,NA,NA,NA,NA,NA,2014,2.632120344,2011
GGA210,Van Diemen Gulf,East Alligator River,M,-12.068099,132.590849,885,3/10/2013,NA,NA,NA,NA,NA,NA,2014,2.476842761,2011
GGA211,Van Diemen Gulf,East Alligator River,F,-12.068099,132.590849,1015,3/10/2013,NA,NA,NA,NA,NA,NA,2014,3.551837254,2010
GGA212,Van Diemen Gulf,East Alligator River,F,-12.068099,132.590849,915,3/10/2013,NA,NA,NA,FS013,NA,HT13,2014,2.711035216,2011
GGA213,Van Diemen Gulf,South Alligator River,F,-12.205557,132.389787,930,12/10/2013,NA,NA,NA,NA,HS024,HT22,2014,2.83105591,2011
GGA214,Van Diemen Gulf,South Alligator River,M,-12.205557,132.389787,585,12/10/2013,NA,NA,NA,NA,HS037,HT13,2014,0.478135633,2013
GGA215,Van Diemen Gulf,South Alligator River,M,-12.205557,132.389787,595,13/10/2013,NA,NA,NA,NA,NA,NA,2014,0.536536219,2013
GGA216,Van Diemen Gulf,South Alligator River,F,-12.205557,132.389787,880,13/10/2013,NA,NA,NA,NA,HS002,HT06,2014,2.438541804,2011
GGA217,Van Diemen Gulf,South Alligator River,M,-12.205557,132.389787,625,13/10/2013,NA,NA,NA,NA,HS019,HT25,2014,0.714639612,2013
GGA218,Van Diemen Gulf,South Alligator River,M,-12.205557,132.389787,1030,13/10/2013,NA,NA,NA,NA,HS001,HT06,2014,3.686889553,2010
GGA219,Van Diemen Gulf,South Alligator River,F,-12.205557,132.389787,910,13/10/2013,NA,NA,NA,NA,HS017,HT13,2014,2.671469499,2011
GGA220,Van Diemen Gulf,South Alligator River,F,-12.205557,132.389787,620,13/10/2013,NA,NA,NA,NA,NA,NA,2014,0.684647609,2013
GGA221,Van Diemen Gulf,South Alligator River,F,-12.205557,132.389787,910,13/10/2013,NA,NA,NA,NA,HS002,HT13,2014,2.671469499,2011
GGA222,Van Diemen Gulf,South Alligator River,M,-12.205557,132.389787,755,13/10/2013,NA,NA,NA,NA,NA,NA,2014,1.541881379,2012
GGA223,Van Diemen Gulf,South Alligator River,M,-12.205557,132.389787,1485,13/10/2013,NA,NA,NA,NA,NA,NA,2014,9.842078681,2004
GGA224,Van Diemen Gulf,South Alligator River,M,-12.205557,132.389787,1345,15/10/2013,NA,NA,NA,NA,NA,NA,2014,7.338076566,2006
GGA225,Van Diemen Gulf,South Alligator River,M,-12.205557,132.389787,1135,15/10/2013,NA,NA,NA,NA,HS007,HT06,2014,4.710759718,2009
GGA226,Van Diemen Gulf,South Alligator River,F,-12.205557,132.389787,1030,15/10/2013,NA,NA,NA,NA,HS008,HT06,2014,3.686889553,2010
GGA227,Van Diemen Gulf,South Alligator River,M,-12.205557,132.389787,975,15/10/2013,NA,NA,NA,NA,NA,NA,2014,3.203630086,2011
GGA228,Van Diemen Gulf,South Alligator River,M,-12.205557,132.389787,670,15/10/2013,NA,NA,NA,NA,HS017,HT13,2014,0.990351515,2013
GGA229,Van Diemen Gulf,South Alligator River,F,-12.205557,132.389787,565,15/10/2013,NA,NA,NA,NA,NA,NA,2014,0.362738731,2013
GGA230,Van Diemen Gulf,South Alligator River,M,-12.205557,132.389787,765,15/10/2013,NA,NA,NA,NA,NA,NA,2014,1.609639398,2012
GGA231,Van Diemen Gulf,West Alligator River,M,-12.220221,132.282681,1230,22/10/2013,NA,NA,NA,NA,NA,HT13,2014,5.782374458,2008
GGA232,Van Diemen Gulf,West Alligator River,F,-12.220221,132.282681,1135,22/10/2013,Recaptured,NA,NA,NA,NA,HT13,2014,4.710759718,2009
GGA233,Van Diemen Gulf,West Alligator River,F,-12.220221,132.282681,1110,22/10/2013,NA,NA,NA,NA,NA,HT13,2014,4.453428287,2009
GGA234,Van Diemen Gulf,West Alligator River,F,-12.220221,132.282681,615,22/10/2013,NA,NA,NA,NA,HS045,HT13,2014,0.65478021,2013
GGA235,Van Diemen Gulf,West Alligator River,M,-12.220221,132.282681,1250,22/10/2013,NA,NA,NA,NA,HS044,HT13,2014,6.029871279,2008
GGA236,Van Diemen Gulf,West Alligator River,F,-12.220221,132.282681,583,22/10/2013,NA,NA,NA,NA,NA,HT13,2014,0.466512231,2013
GGA237,Van Diemen Gulf,West Alligator River,M,-12.220221,132.282681,710,22/10/2013,NA,NA,NA,NA,NA,HT13,2014,1.244633464,2013
GGA238,Van Diemen Gulf,West Alligator River,M,-12.220221,132.282681,905,23/10/2013,NA,NA,NA,NA,NA,HT13,2014,2.632120344,2011
GGA239,Van Diemen Gulf,West Alligator River,F,-12.220221,132.282681,770,23/10/2013,NA,NA,NA,FS027,NA,HT13,2014,1.643759408,2012
GGA240,Van Diemen Gulf,West Alligator River,F,-12.220221,132.282681,625,23/10/2013,NA,NA,NA,NA,HS030,HT13,2014,0.714639612,2013
GGA241,Van Diemen Gulf,West Alligator River,F,-12.220221,132.282681,900,23/10/2013,NA,NA,NA,NA,NA,HT13,2014,2.592985394,2011
GGA242,Van Diemen Gulf,West Alligator River,F,-12.220221,132.282681,860,23/10/2013,NA,NA,NA,NA,HS030,HT13,2014,2.287346481,2012
GGA243,Van Diemen Gulf,West Alligator River,F,-12.220221,132.282681,1035,23/10/2013,NA,NA,NA,NA,HS038,HT13,2014,3.732476722,2010
GGA244,Van Diemen Gulf,West Alligator River,F,-12.220221,132.282681,775,23/10/2013,NA,NA,NA,NA,HS039,HT13,2014,1.678042127,2012
GGA245,Van Diemen Gulf,West Alligator River,F,-12.220221,132.282681,910,23/10/2013,NA,NA,NA,NA,NA,HT13,2014,2.671469499,2011
GGA246,Van Diemen Gulf,West Alligator River,F,-12.220221,132.282681,1070,23/10/2013,NA,NA,NA,NA,NA,HT13,2014,4.05994718,2010
GGA247,Van Diemen Gulf,West Alligator River,F,-12.220221,132.282681,900,23/10/2013,NA,NA,NA,NA,HS040,HT13,2014,2.592985394,2011
GGA248,Van Diemen Gulf,West Alligator River,M,-12.220221,132.282681,1330,23/10/2013,NA,NA,NA,NA,HS038,HT13,2014,7.115026432,2007
GGA249,Van Diemen Gulf,West Alligator River,M,-12.220221,132.282681,1140,23/10/2013,NA,NA,NA,FS004,NA,HT13,2014,4.763350096,2009
GGA250,Van Diemen Gulf,West Alligator River,M,-12.220221,132.282681,1140,23/10/2013,NA,NA,NA,FS004,NA,HT13,2014,4.763350096,2009
GGA251,Van Diemen Gulf,West Alligator River,F,-12.220221,132.282681,1130,23/10/2013,NA,NA,NA,NA,NA,HT13,2014,4.658551264,2009
GGA252,Van Diemen Gulf,West Alligator River,M,-12.220221,132.282681,975,24/10/2013,NA,NA,NA,NA,NA,HT13,2014,3.203630086,2011
GGA253,Van Diemen Gulf,West Alligator River,F,-12.220221,132.282681,1320,24/10/2013,NA,NA,NA,NA,HS039,HT13,2014,6.970080542,2007
GGA254,Van Diemen Gulf,South Alligator River,F,-12.205557,132.389787,760,11/11/2013,NA,NA,NA,NA,HS041,HT25,2014,1.57568056,2012
GGA255,Van Diemen Gulf,South Alligator River,M,-12.205557,132.389787,633,12/11/2013,NA,NA,NA,NA,NA,NA,2014,0.762888602,2013
GGA256,Van Diemen Gulf,South Alligator River,F,-12.205557,132.389787,750,12/11/2013,NA,NA,NA,FS008,NA,HT13,2014,1.50824036,2012
GGA257,Van Diemen Gulf,South Alligator River,F,-12.205557,132.389787,1080,12/11/2013,NA,NA,NA,NA,HS015,HT13,2014,4.156316889,2010
GGA258,Van Diemen Gulf,South Alligator River,M,-12.205557,132.389787,765,10/12/2013,NA,NA,NA,FS011,HS006,HT06,2014,1.609639398,2012
GGA259,Van Diemen Gulf,South Alligator River,M,-12.205557,132.389787,1140,10/01/2014,NA,NA,NA,NA,HS008,HT06,2014,4.763350096,2009
GGA260,Van Diemen Gulf,South Alligator River,M,-12.205557,132.389787,730,10/01/2014,NA,NA,NA,NA,HS010,HT06,2014,1.375228747,2013
GGA261,Van Diemen Gulf,South Alligator River,F,-12.205557,132.389787,520,10/01/2014,NA,NA,NA,NA,HS004,HT13,2014,0.109675241,2014
GGA262,Van Diemen Gulf,South Alligator River,M,-12.205557,132.389787,605,10/02/2014,NA,NA,NA,NA,NA,NA,2014,0.595415111,2014
GGA263,Van Diemen Gulf,South Alligator River,M,-12.205557,132.389787,530,10/02/2014,NA,NA,NA,NA,NA,NA,2014,0.165146755,2014
GGA264,Van Diemen Gulf,South Alligator River,F,-12.205557,132.389787,1130,10/02/2014,NA,NA,NA,NA,HS004,HT06,2014,4.658551264,2009
GGA265,Van Diemen Gulf,South Alligator River,M,-12.205557,132.389787,1360,10/02/2014,NA,NA,NA,NA,NA,NA,2014,7.568269314,2007
GGA266,Van Diemen Gulf,South Alligator River,F,-12.205557,132.389787,705,2/04/2014,NA,NA,NA,NA,HS034,HT06,2014,1.212351988,2013
GGA267,Van Diemen Gulf,South Alligator River,F,-12.205557,132.389787,740,27/04/2014,NA,NA,NA,FS009,NA,HT06,2014,1.441426937,2013
GGA268,Van Diemen Gulf,South Alligator River,F,-12.205557,132.389787,725,27/04/2014,NA,NA,NA,NA,NA,HT06,2014,1.342356844,2013
GGA269,Van Diemen Gulf,South Alligator River,F,-12.205557,132.389787,700,27/04/2014,NA,NA,NA,NA,NA,NA,2014,1.18021482,2013
GGA270,Van Diemen Gulf,South Alligator River,M,-12.205557,132.389787,1420,27/04/2014,NA,NA,NA,NA,HS042,HT25,2014,8.570689268,2006
GGA271,Van Diemen Gulf,South Alligator River,M,-12.205557,132.389787,685,27/04/2014,NA,NA,NA,NA,HS007,HT06,2014,1.0846564,2013
GGA272,Van Diemen Gulf,South Alligator River,M,-12.205557,132.389787,1040,27/04/2014,NA,NA,NA,NA,NA,NA,2014,3.778354814,2011
GGA273,Van Diemen Gulf,South Alligator River,M,-12.205557,132.389787,950,27/04/2014,NA,NA,NA,NA,NA,NA,2014,2.994265476,2011
GGA274,Van Diemen Gulf,South Alligator River,F,-12.205557,132.389787,810,27/04/2014,NA,NA,NA,NA,NA,NA,2014,1.922710895,2012
GGA275,Van Diemen Gulf,South Alligator River,M,-12.205557,132.389787,945,27/04/2014,NA,NA,NA,NA,NA,NA,2014,2.953114404,2011
GGA276,Van Diemen Gulf,South Alligator River,M,-12.205557,132.389787,830,28/04/2014,NA,NA,NA,NA,NA,NA,2014,2.066353488,2012
GGA277,Van Diemen Gulf,South Alligator River,F,-12.205557,132.389787,995,28/04/2014,NA,NA,NA,NA,NA,NA,2014,3.375625672,2011
GGA278,Van Diemen Gulf,South Alligator River,M,-12.205557,132.389787,1240,28/04/2014,NA,NA,NA,NA,NA,NA,2014,5.905057855,2008
GGA279,Van Diemen Gulf,South Alligator River,M,-12.205557,132.389787,1050,29/04/2014,NA,NA,NA,NA,NA,NA,2014,3.870998785,2010
GGA280,Van Diemen Gulf,South Alligator River,F,-12.205557,132.389787,810,29/04/2014,NA,NA,NA,NA,NA,NA,2014,1.922710895,2012
GGA281,Van Diemen Gulf,South Alligator River,M,-12.205557,132.389787,660,29/04/2014,NA,NA,NA,NA,NA,NA,2014,0.928161918,2013
GGA282,Van Diemen Gulf,South Alligator River,M,-12.205557,132.389787,1190,5/05/2014,NA,NA,NA,NA,NA,NA,2014,5.311563206,2009
GGA283,Van Diemen Gulf,South Alligator River,F,-12.205557,132.389787,1240,5/05/2014,NA,NA,NA,NA,NA,NA,2014,5.905057855,2008
GGA284,Van Diemen Gulf,South Alligator River,F,-12.205557,132.389787,1015,5/05/2014,NA,NA,NA,NA,NA,NA,2014,3.551837254,2011
GGA285,Van Diemen Gulf,South Alligator River,F,-12.205557,132.389787,940,5/05/2014,NA,NA,NA,NA,NA,NA,2014,2.912197546,2011
GGA286,Van Diemen Gulf,South Alligator River,M,-12.205557,132.389787,1405,5/05/2014,NA,NA,NA,NA,NA,NA,2014,8.306678967,2006
GGA287,Van Diemen Gulf,South Alligator River,M,-12.205557,132.389787,820,7/05/2014,NA,NA,NA,NA,NA,NA,2014,1.994173438,2012
GGA288,Van Diemen Gulf,South Alligator River,M,-12.205557,132.389787,950,7/05/2014,NA,NA,NA,NA,NA,NA,2014,2.994265476,2011
GGA289,Van Diemen Gulf,South Alligator River,M,-12.205557,132.389787,1410,7/05/2014,NA,NA,NA,NA,NA,NA,2014,8.393609562,2006
GGA290,Van Diemen Gulf,South Alligator River,F,-12.205557,132.389787,800,7/05/2014,NA,NA,NA,NA,NA,NA,2014,1.851951735,2012
GGA291,Van Diemen Gulf,South Alligator River,F,-12.205557,132.389787,965,7/05/2014,NA,NA,NA,NA,NA,NA,2014,3.119151175,2011
GGA292,Van Diemen Gulf,South Alligator River,F,-12.205557,132.389787,730,7/05/2014,NA,NA,NA,NA,NA,NA,2014,1.375228747,2013
GGA293,Van Diemen Gulf,South Alligator River,M,-12.205557,132.389787,910,7/05/2014,NA,NA,NA,NA,NA,NA,2014,2.671469499,2012
GGA294,Van Diemen Gulf,South Alligator River,M,-12.205557,132.389787,710,7/05/2014,NA,NA,NA,NA,NA,NA,2014,1.244633464,2013
GGA295,Van Diemen Gulf,South Alligator River,M,-12.205557,132.389787,1175,8/05/2014,NA,NA,NA,NA,NA,NA,2014,5.142665713,2009
GGA296,Van Diemen Gulf,South Alligator River,F,-12.205557,132.389787,880,9/05/2014,NA,NA,NA,NA,NA,NA,2014,2.438541804,2012
GGA297,Van Diemen Gulf,South Alligator River,M,-12.205557,132.389787,980,9/05/2014,NA,NA,NA,NA,NA,NA,2014,3.246244749,2011
GGA298,Van Diemen Gulf,South Alligator River,F,-12.205557,132.389787,995,9/05/2014,NA,NA,NA,NA,NA,NA,2014,3.375625672,2011
GGA299,Van Diemen Gulf,South Alligator River,F,-12.205557,132.389787,850,9/05/2014,NA,NA,NA,NA,NA,NA,2014,2.212924775,2012
GGA300,Van Diemen Gulf,South Alligator River,M,-12.205557,132.389787,755,10/05/2014,NA,NA,NA,NA,NA,NA,2014,1.541881379,2013
GGA301,Van Diemen Gulf,South Alligator River,F,-12.205557,132.389787,1115,10/05/2014,NA,NA,NA,NA,NA,NA,2014,4.504162955,2010
GGA302,Van Diemen Gulf,South Alligator River,M,-12.205557,132.389787,1195,10/05/2014,NA,NA,NA,NA,NA,NA,2014,5.368755812,2009
GGA303,Van Diemen Gulf,South Alligator River,M,-12.205557,132.389787,1010,10/05/2014,NA,NA,NA,NA,NA,NA,2014,3.507377789,2011
GGA304,Van Diemen Gulf,Wildman River,F,-12.295019,132.060536,820,31/07/2014,NA,NA,NA,NA,HS043,NA,2015,1.994173438,2013
GGA305,Van Diemen Gulf,Wildman River,F,-12.295019,132.060536,990,31/07/2014,NA,NA,NA,NA,NA,HT25,2015,3.332239466,2011
GGA306,Van Diemen Gulf,Wildman River,M,-12.295019,132.060536,770,1/08/2014,NA,NA,NA,NA,NA,HT13,2015,1.643759408,2013
GGA307,Van Diemen Gulf,Wildman River,M,-12.295019,132.060536,885,1/08/2014,NA,NA,NA,NA,NA,BADseq/Low coverage,2015,2.476842761,2012
GGA308,Van Diemen Gulf,Wildman River,M,-12.295019,132.060536,1130,1/08/2014,NA,NA,NA,NA,NA,HT13,2015,4.658551264,2010
GGA309,Van Diemen Gulf,Wildman River,M,-12.295019,132.060536,910,1/08/2014,NA,NA,NA,NA,NA,HT13,2015,2.671469499,2012
GGA310,Van Diemen Gulf,Wildman River,M,-12.295019,132.060536,1065,2/08/2014,NA,NA,NA,NA,HS043,HT22,2015,4.012242476,2011
GGA311,Van Diemen Gulf,Wildman River,M,-12.295019,132.060536,1050,2/08/2014,NA,NA,NA,NA,NA,HT13,2015,3.870998785,2011
GGA312,Van Diemen Gulf,South Alligator River,F,-12.205557,132.389787,875,8/09/2014,NA,NA,NA,NA,NA,NA,2015,2.400443821,2012
GGA313,Van Diemen Gulf,South Alligator River,M,-12.205557,132.389787,1425,8/09/2014,NA,NA,NA,NA,NA,NA,2015,8.660892116,2006
GGA314,Van Diemen Gulf,South Alligator River,M,-12.205557,132.389787,932,9/09/2014,NA,NA,NA,NA,NA,NA,2015,2.847211136,2012
GGA315,Van Diemen Gulf,South Alligator River,F,-12.205557,132.389787,885,9/09/2014,NA,NA,NA,NA,NA,NA,2015,2.476842761,2012
GGA316,Van Diemen Gulf,South Alligator River,F,-12.205557,132.389787,920,9/09/2014,NA,NA,NA,NA,NA,NA,2015,2.750819892,2012
GGA317,Van Diemen Gulf,South Alligator River,F,-12.205557,132.389787,885,9/09/2014,NA,NA,NA,NA,NA,NA,2015,2.476842761,2012
GGA318,Van Diemen Gulf,South Alligator River,F,-12.205557,132.389787,825,10/09/2014,NA,NA,NA,NA,NA,NA,2015,2.030172875,2013
GGA319,Van Diemen Gulf,South Alligator River,F,-12.205557,132.389787,1085,10/09/2014,NA,NA,NA,NA,NA,NA,2015,4.204990552,2010
GGA320,Van Diemen Gulf,South Alligator River,F,-12.205557,132.389787,612,10/09/2014,NA,NA,NA,NA,NA,NA,2015,0.636919151,2014
GGA321,Van Diemen Gulf,South Alligator River,F,-12.205557,132.389787,845,10/09/2014,NA,NA,NA,NA,NA,NA,2015,2.176000849,2013
GGA322,Van Diemen Gulf,South Alligator River,F,-12.205557,132.389787,745,10/09/2014,NA,NA,NA,NA,NA,NA,2015,1.47475603,2013
GGA323,Van Diemen Gulf,South Alligator River,F,-12.205557,132.389787,655,10/09/2014,NA,NA,NA,NA,NA,NA,2015,0.897267704,2014
GGA324,Van Diemen Gulf,South Alligator River,F,-12.205557,132.389787,845,10/09/2014,NA,NA,NA,NA,NA,NA,2015,2.176000849,2013
GGA325,Van Diemen Gulf,South Alligator River,F,-12.205557,132.389787,820,10/09/2014,NA,NA,NA,NA,NA,NA,2015,1.994173438,2013
GGA326,Van Diemen Gulf,West Alligator River,M,-12.220221,132.282681,766,14/10/2014,NA,NA,NA,NA,NA,NA,2015,1.616450457,2013
GGA327,Van Diemen Gulf,West Alligator River,M,-12.220221,132.282681,860,14/10/2014,NA,NA,NA,NA,HS013,HT13,2015,2.287346481,2012
GGA328,Van Diemen Gulf,West Alligator River,F,-12.220221,132.282681,1000,14/10/2014,NA,NA,NA,NA,NA,HT13,2015,3.419275306,2011
GGA329,Van Diemen Gulf,West Alligator River,M,-12.220221,132.282681,1170,14/10/2014,NA,NA,NA,NA,NA,HT06,2015,5.087236968,2010
GGA330,Van Diemen Gulf,West Alligator River,M,-12.220221,132.282681,1025,14/10/2014,NA,NA,NA,NA,HS031,HT13,2015,3.641589638,2011
GGA331,Van Diemen Gulf,West Alligator River,M,-12.220221,132.282681,1015,14/10/2014,NA,NA,NA,NA,HS048,HT06,2015,3.551837254,2011
GGA332,Van Diemen Gulf,West Alligator River,M,-12.220221,132.282681,782,14/10/2014,NA,NA,NA,NA,HS034,HT13,2015,1.726314259,2013
GGA333,Van Diemen Gulf,West Alligator River,M,-12.220221,132.282681,1070,14/10/2014,NA,NA,NA,NA,HS044,HT13,2015,4.05994718,2011
GGA334,Van Diemen Gulf,West Alligator River,M,-12.220221,132.282681,925,14/10/2014,NA,NA,NA,NA,HS045,HT13,2015,2.790825964,2012
GGA335,Van Diemen Gulf,West Alligator River,F,-12.220221,132.282681,855,14/10/2014,NA,NA,NA,NA,HS046,HT13,2015,2.250039326,2013
GGA336,Van Diemen Gulf,West Alligator River,M,-12.220221,132.282681,840,14/10/2014,Recaptured,NA,NA,NA,HS034,HT13,2015,2.1392656,2013
GGA337,Van Diemen Gulf,West Alligator River,F,-12.220221,132.282681,1225,14/10/2014,NA,NA,NA,NA,NA,HT13,2015,5.72180904,2009
GGA338,Van Diemen Gulf,West Alligator River,M,-12.220221,132.282681,NA,14/10/2014,NA,NA,NA,NA,NA,HT13,2015,NA,NA
GGA339,Van Diemen Gulf,West Alligator River,F,-12.220221,132.282681,950,15/10/2014,NA,NA,NA,NA,NA,HT13,2015,2.994265476,2012
GGA340,Van Diemen Gulf,West Alligator River,F,-12.220221,132.282681,1170,15/10/2014,Recaptured,NA,NA,NA,HS031,HT13,2015,5.087236968,2010
GGA341,Van Diemen Gulf,West Alligator River,F,-12.220221,132.282681,855,15/10/2014,NA,NA,NA,FS027,NA,HT13,2015,2.250039326,2013
GGA342,Van Diemen Gulf,West Alligator River,M,-12.220221,132.282681,660,15/10/2014,NA,NA,NA,NA,HS047,HT13,2015,0.928161918,2014
GGA343,Van Diemen Gulf,West Alligator River,M,-12.220221,132.282681,663,15/10/2014,NA,NA,NA,NA,HS013,HT13,2015,0.946762375,2014
GGA344,Van Diemen Gulf,West Alligator River,M,-12.220221,132.282681,666,15/10/2014,NA,NA,NA,NA,HS048,HT06,2015,0.965411082,2014
GGA345,Van Diemen Gulf,Wildman River,F,-12.295019,132.060536,1385,6/09/2015,NA,NA,NA,FS024,HS050,HT13,2016,7.969101806,2008
GGA346,Van Diemen Gulf,Wildman River,F,-12.295019,132.060536,970,6/09/2015,NA,NA,NA,NA,HS049,HT25,2016,3.161266542,2013
GGA347,Van Diemen Gulf,Wildman River,M,-12.295019,132.060536,1580,6/09/2015,NA,NA,PO003,NA,NA,HT07,2016,12.23110978,2003
GGA348,Van Diemen Gulf,Wildman River,M,-12.295019,132.060536,1380,6/09/2015,NA,NA,NA,NA,HS049,HT22,2016,7.887127456,2008
GGA349,Van Diemen Gulf,Wildman River,F,-12.295019,132.060536,1060,6/09/2015,NA,NA,NA,NA,NA,HT13,2016,3.964852241,2012
GGA350,Van Diemen Gulf,Wildman River,F,-12.295019,132.060536,955,6/09/2015,NA,NA,NA,NA,NA,HT13,2016,3.035653458,2013
GGA351,Van Diemen Gulf,Wildman River,M,-12.295019,132.060536,1190,6/09/2015,NA,NA,NA,NA,NA,HT13,2016,5.311563206,2010
GGA352,Van Diemen Gulf,Wildman River,M,-12.295019,132.060536,1310,6/09/2015,NA,NA,NA,NA,NA,HT13,2016,6.827999384,2009
GGA353,Van Diemen Gulf,Wildman River,F,-12.295019,132.060536,1240,6/09/2015,NA,NA,NA,FS024,HS050,HT13,2016,5.905057855,2010
GGA354,Van Diemen Gulf,Wildman River,M,-12.295019,132.060536,660,7/09/2015,NA,NA,NA,NA,HS043,HT22,2016,0.928161918,2015
GGA355,Van Diemen Gulf,Wildman River,M,-12.295019,132.060536,740,7/09/2015,NA,NA,NA,FS014,HS050,HT13,2016,1.441426937,2014
GGA356,Van Diemen Gulf,Wildman River,M,-12.295019,132.060536,950,7/09/2015,NA,NA,NA,FS023,NA,HT13,2016,2.994265476,2013
GGA357,Van Diemen Gulf,Wildman River,F,-12.295019,132.060536,920,7/09/2015,NA,NA,NA,FS021,HS043,HT22,2016,2.750819892,2013
GGA358,Van Diemen Gulf,Wildman River,M,-12.295019,132.060536,730,7/09/2015,NA,NA,NA,NA,HS050,HT13,2016,1.375228747,2014
GGA359,Van Diemen Gulf,Wildman River,M,-12.295019,132.060536,910,7/09/2015,NA,NA,NA,NA,NA,HT13,2016,2.671469499,2013
GGA360,Van Diemen Gulf,Wildman River,M,-12.295019,132.060536,930,7/09/2015,NA,NA,NA,NA,HS050,HT13,2016,2.83105591,2013
GGA361,Van Diemen Gulf,Wildman River,M,-12.295019,132.060536,915,7/09/2015,NA,NA,NA,FS021,HS043,HT22,2016,2.711035216,2013
GGA362,Van Diemen Gulf,Wildman River,M,-12.295019,132.060536,900,7/09/2015,NA,NA,NA,FS023,NA,HT13,2016,2.592985394,2013
GGA363,Van Diemen Gulf,Wildman River,F,-12.295019,132.060536,855,7/09/2015,NA,NA,NA,NA,HS023,HT13,2016,2.250039326,2013
GGA364,Van Diemen Gulf,Wildman River,M,-12.295019,132.060536,780,7/09/2015,NA,NA,NA,FS014,HS050,HT13,2016,1.712489115,2014
GGA365,Van Diemen Gulf,Wildman River,M,-12.295019,132.060536,1010,7/09/2015,NA,NA,NA,FS015,HS050,HT13,2016,3.507377789,2012
GGA366,Van Diemen Gulf,Wildman River,M,-12.295019,132.060536,1060,7/09/2015,NA,HighHet (but only within Wildman analysis,NA,FS015,HS050,HT13,2016,3.964852241,2012
GGA367,Van Diemen Gulf,Wildman River,F,-12.295019,132.060536,905,7/09/2015,NA,NA,NA,NA,HS021,HT22,2016,2.632120344,2013
GGA368,Van Diemen Gulf,Wildman River,M,-12.295019,132.060536,765,7/09/2015,NA,NA,NA,NA,HS022,HT13,2016,1.609639398,2014
GGA369,Van Diemen Gulf,Wildman River,M,-12.295019,132.060536,870,7/09/2015,NA,NA,NA,NA,HS060,HT13,2016,2.362546671,2013
GGA370,Van Diemen Gulf,Wildman River,M,-12.295019,132.060536,932,7/09/2015,NA,NA,NA,NA,HS050,HT13,2016,2.847211136,2013
GGA371,Van Diemen Gulf,Wildman River,M,-12.295019,132.060536,1243,7/09/2015,NA,NA,NA,FS003,NA,HT13,2016,5.94227488,2010
GGA372,Van Diemen Gulf,Wildman River,F,-12.295019,132.060536,607,7/09/2015,NA,NA,NA,NA,HS060,HT13,2016,0.607248978,2015
GGA373,Van Diemen Gulf,Wildman River,M,-12.295019,132.060536,1020,8/09/2015,NA,NA,NA,NA,NA,HT06,2016,3.596573382,2012
GGA374,Van Diemen Gulf,Wildman River,F,-12.295019,132.060536,1305,8/09/2015,NA,NA,NA,NA,HS060,HT13,2016,6.757998124,2009
GGL001,Van Diemen Gulf,Adelaide River,F,-12.217794,131.222034,1670,23/11/2013,NA,NA,NA,NA,NA,HT08,2014,15.59212414,1998
GGL002,Van Diemen Gulf,Adelaide River,M,-12.217794,131.222034,1000,24/11/2013,NA,NA,NA,FS025,NA,HT06,2014,3.419275306,2010
GGL003,Van Diemen Gulf,Adelaide River,M,-12.217794,131.222034,1575,24/11/2013,NA,NA,NA,NA,HS051,HT06,2014,12.08348504,2002
GGL004,Van Diemen Gulf,Adelaide River,F,-12.217794,131.222034,1080,26/11/2013,NA,NA,NA,NA,NA,HT06,2014,4.156316889,2010
GGL005,Van Diemen Gulf,Adelaide River,F,-12.217794,131.222034,985,26/11/2013,NA,NA,NA,NA,NA,HT10,2014,3.289113526,2011
GGL006,Van Diemen Gulf,Adelaide River,M,-12.217794,131.222034,1330,27/11/2013,NA,NA,NA,NA,HS020,HT25,2014,7.115026432,2007
GGL007,Van Diemen Gulf,Adelaide River,M,-12.217794,131.222034,1450,8/07/2014,NA,NA,NA,NA,HS055,HT06,2015,9.129706987,2005
GGL008,Van Diemen Gulf,Adelaide River,M,-12.217794,131.222034,745,18/11/2014,NA,NA,NA,NA,HS052,HT10,2015,1.47475603,2013
GGL009,Van Diemen Gulf,Adelaide River,F,-12.217794,131.222034,785,18/11/2014,NA,NA,NA,NA,NA,NA,2015,1.747101953,2013
GGL010,Van Diemen Gulf,Adelaide River,F,-12.217794,131.222034,660,18/11/2014,NA,NA,NA,NA,NA,HT06,2015,0.928161918,2014
GGL011,Van Diemen Gulf,Adelaide River,F,-12.217794,131.222034,1243,19/11/2014,NA,NA,NA,NA,NA,NA,2015,5.94227488,2009
GGL012,Van Diemen Gulf,Adelaide River,F,-12.217794,131.222034,1130,19/11/2014,NA,NA,NA,NA,NA,HT10,2015,4.658551264,2010
GGL013,Van Diemen Gulf,Adelaide River,M,-12.217794,131.222034,755,20/11/2014,NA,NA,NA,NA,HS051,NA,2015,1.541881379,2013
GGL014,Van Diemen Gulf,Adelaide River,F,-12.217794,131.222034,865,26/11/2014,NA,NA,NA,NA,NA,HT06,2015,2.324848249,2013
GGL015,Van Diemen Gulf,Adelaide River,M,-12.217794,131.222034,675,20/11/2015,NA,NA,NA,NA,HS051,HT06,2016,1.021649225,2015
GGL016,Van Diemen Gulf,Adelaide River,F,-12.217794,131.222034,555,1/12/2015,NA,NA,NA,NA,HS051,NA,2016,0.305727547,2016
GGL017,Van Diemen Gulf,Adelaide River,M,-12.217794,131.222034,660,1/12/2015,NA,NA,NA,NA,NA,NA,2016,0.928161918,2015
GGL018,Van Diemen Gulf,Adelaide River,M,-12.217794,131.222034,700,2/12/2015,NA,NA,NA,NA,HS054,HT13,2016,1.18021482,2015
GGL019,Van Diemen Gulf,Adelaide River,F,-12.217794,131.222034,735,4/12/2015,NA,NA,NA,NA,HS055,NA,2016,1.408251647,2015
GGL020,Van Diemen Gulf,Adelaide River,M,-12.217794,131.222034,1220,5/12/2015,NA,NA,NA,NA,NA,NA,2016,5.661749605,2010
GGL021,Van Diemen Gulf,Adelaide River,F,-12.217794,131.222034,1120,5/12/2015,NA,NA,NA,NA,HS052,NA,2016,4.555258213,2011
GGL022,Van Diemen Gulf,Adelaide River,M,-12.217794,131.222034,675,5/12/2015,NA,NA,NA,NA,NA,HT10,2016,1.021649225,2015
GGL023,Van Diemen Gulf,Adelaide River,F,-12.217794,131.222034,695,6/12/2015,NA,NA,NA,NA,HS046,HT06,2016,1.148220674,2015
GGL024,Van Diemen Gulf,Adelaide River,F,-12.217794,131.222034,NA,6/12/2015,NA,NA,NA,NA,NA,HT25,2016,NA,NA
GGL025,Van Diemen Gulf,Adelaide River,F,-12.217794,131.222034,1235,8/12/2015,NA,NA,NA,NA,NA,HT13,2016,5.843454457,2010
GGL026,Van Diemen Gulf,Adelaide River,M,-12.217794,131.222034,720,8/12/2015,NA,NA,NA,NA,HS053,HT24,2016,1.309634564,2015
GGL027,Van Diemen Gulf,Adelaide River,M,-12.217794,131.222034,765,10/12/2015,NA,NA,NA,NA,NA,HT06,2016,1.609639398,2014
GGL028,Van Diemen Gulf,Adelaide River,M,-12.217794,131.222034,1385,10/12/2015,NA,NA,NA,NA,HS054,HT06,2016,7.969101806,2008
GGL029,Van Diemen Gulf,Adelaide River,F,-12.217794,131.222034,1005,10/12/2015,NA,NA,NA,NA,NA,HT25,2016,3.463191586,2012
GGL030,Van Diemen Gulf,Adelaide River,M,-12.217794,131.222034,970,10/12/2015,NA,NA,NA,NA,HS055,HT06,2016,3.161266542,2013
GGL031,Van Diemen Gulf,Adelaide River,F,-12.217794,131.222034,880,10/12/2015,NA,NA,NA,NA,HS056,HT06,2016,2.438541804,2014
GGL032,Van Diemen Gulf,Adelaide River,M,-12.217794,131.222034,1375,10/12/2015,NA,LowHet,NA,NA,NA,HT25,2016,7.806077301,2008
GGL033,Van Diemen Gulf,Adelaide River,F,-12.217794,131.222034,1225,19/12/2015,NA,NA,NA,FS025,NA,HT06,2016,5.72180904,2010
GGL034,Van Diemen Gulf,Adelaide River,M,-12.217794,131.222034,1550,11/10/2016,Recaptured,NA,NA,NA,NA,NA,NA,11.38767422,2005
GGL035,Van Diemen Gulf,Adelaide River,F,-12.217794,131.222034,1415,12/10/2016,NA,NA,NA,NA,NA,NA,NA,8.481604205,2008
GGL036,Van Diemen Gulf,Adelaide River,F,-12.217794,131.222034,925,12/10/2016,NA,NA,NA,NA,NA,NA,NA,2.790825964,2014
GGL037,Van Diemen Gulf,Adelaide River,F,-12.217794,131.222034,1650,14/10/2016,NA,NA,NA,NA,NA,NA,NA,14.69792055,2002
GGL038,Van Diemen Gulf,Adelaide River,F,-12.217794,131.222034,880,23/10/2016,Recaptured 3X,NA,NA,NA,NA,NA,NA,2.438541804,2014
GGL039,Van Diemen Gulf,Adelaide River,F,-12.217794,131.222034,972,24/10/2016,NA,NA,NA,NA,NA,NA,NA,3.178182014,2014
GGL040,Van Diemen Gulf,Adelaide River,F,-12.217794,131.222034,1186,24/10/2016,NA,NA,NA,NA,NA,NA,NA,5.266134476,2012
GGL041,Van Diemen Gulf,Adelaide River,F,-12.217794,131.222034,962,24/10/2016,NA,NA,NA,NA,NA,NA,NA,3.093999874,2014
GGL042,Van Diemen Gulf,Adelaide River,M,-12.217794,131.222034,1550,26/10/2016,NA,NA,NA,NA,NA,NA,NA,11.38767422,2005
GGL043,Van Diemen Gulf,Adelaide River,F,-12.217794,131.222034,945,9/11/2016,NA,NA,NA,NA,NA,NA,NA,2.953114404,2014
GGL044,Van Diemen Gulf,Adelaide River,F,-12.217794,131.222034,645,11/11/2016,NA,NA,NA,NA,NA,NA,NA,0.835874738,2016
GGL045,Van Diemen Gulf,Adelaide River,F,-12.217794,131.222034,815,11/11/2016,NA,NA,NA,NA,NA,NA,NA,1.958353371,2015
GGL046,Van Diemen Gulf,Adelaide River,F,-12.217794,131.222034,1035,23/11/2016,NA,NA,NA,NA,NA,NA,NA,3.732476722,2013
GGL047,Van Diemen Gulf,Adelaide River,F,-12.217794,131.222034,1393,24/11/2016,NA,NA,NA,NA,NA,NA,NA,8.102236585,2009
GGL048,Van Diemen Gulf,Adelaide River,F,-12.217794,131.222034,1420,24/11/2016,NA,NA,NA,NA,NA,NA,NA,8.570689268,2008
GGL049,Van Diemen Gulf,Adelaide River,F,-12.217794,131.222034,1010,28/11/2016,NA,NA,NA,NA,NA,NA,NA,3.507377789,2013
GGS001,Van Diemen Gulf,Sampan Creek,F,-12.255397,131.772486,975,5/09/2013,NA,NA,NA,NA,NA,HT09,2014,3.203630086,2010
GGS002,Van Diemen Gulf,Sampan Creek,M,-12.255397,131.772486,815,5/09/2013,NA,NA,NA,NA,NA,HT22,2014,1.958353371,2012
GGS003,Van Diemen Gulf,Sampan Creek,M,-12.255397,131.772486,1225,5/09/2013,NA,NA,NA,NA,NA,HT13,2014,5.72180904,2008
GGS004,Van Diemen Gulf,Sampan Creek,M,-12.255397,131.772486,1260,5/09/2013,NA,NA,NA,FS026,NA,HT25,2014,6.15689,2008
GGS005,Van Diemen Gulf,Sampan Creek,F,-12.255397,131.772486,925,5/09/2013,NA,NA,NA,NA,NA,HT13,2014,2.790825964,2011
GGS006,Van Diemen Gulf,Sampan Creek,M,-12.255397,131.772486,1070,5/09/2013,NA,NA,NA,NA,HS028,HT22,2014,4.05994718,2010
GGS007,Van Diemen Gulf,Sampan Creek,M,-12.255397,131.772486,1240,5/09/2013,NA,NA,NA,NA,NA,HT06,2014,5.905057855,2008
GGS008,Van Diemen Gulf,Sampan Creek,F,-12.255397,131.772486,1070,5/09/2013,NA,NA,NA,NA,NA,HT13,2014,4.05994718,2010
GGS009,Van Diemen Gulf,Sampan Creek,M,-12.255397,131.772486,850,5/09/2013,NA,NA,NA,NA,HS058,HT13,2014,2.212924775,2011
GGS010,Van Diemen Gulf,Sampan Creek,M,-12.255397,131.772486,835,5/09/2013,NA,NA,NA,NA,NA,HT13,2014,2.102717109,2012
GGS011,Van Diemen Gulf,Sampan Creek,F,-12.255397,131.772486,1240,14/12/2015,NA,NA,NA,NA,NA,HT13,2016,5.905057855,2010
GGS012,Van Diemen Gulf,Sampan Creek,M,-12.255397,131.772486,1304,14/12/2015,NA,NA,NA,FS026,NA,HT25,2016,6.744079296,2009
GGS013,Van Diemen Gulf,Sampan Creek,M,-12.255397,131.772486,1155,14/12/2015,NA,NA,NA,NA,NA,HT07,2016,4.923469691,2011
GGS014,Van Diemen Gulf,Sampan Creek,M,-12.255397,131.772486,1066,14/12/2015,NA,NA,NA,NA,NA,HT13,2016,4.021758126,2012
GGS015,Van Diemen Gulf,Sampan Creek,M,-12.255397,131.772486,1272,14/12/2015,NA,NA,NA,NA,NA,HT22,2016,6.312335464,2010
GGS016,Van Diemen Gulf,Sampan Creek,M,-12.255397,131.772486,1365,14/12/2015,NA,NA,NA,NA,HS020,HT21,2016,7.646667829,2008
GGS017,Van Diemen Gulf,Sampan Creek,M,-12.255397,131.772486,1358,15/12/2015,NA,NA,NA,NA,HS057,HT25,2016,7.537147739,2008
GGS018,Van Diemen Gulf,Sampan Creek,M,-12.255397,131.772486,1064,15/12/2015,NA,NA,NA,NA,HS025,HT13,2016,4.002739404,2012
GGS019,Van Diemen Gulf,Sampan Creek,M,-12.255397,131.772486,1365,15/12/2015,NA,NA,NA,NA,HS035,HT25,2016,7.646667829,2008
GGS020,Van Diemen Gulf,Sampan Creek,M,-12.255397,131.772486,1175,15/12/2015,NA,NA,NA,NA,NA,HT13,2016,5.142665713,2011
GGS021,Van Diemen Gulf,Sampan Creek,M,-12.255397,131.772486,795,15/12/2015,NA,NA,NA,NA,HS058,HT13,2016,1.816831623,2014
GGS022,Van Diemen Gulf,Sampan Creek,M,-12.255397,131.772486,1189,15/12/2015,NA,NA,NA,NA,NA,HT25,2016,5.300179082,2011
GGS023,Van Diemen Gulf,Sampan Creek,M,-12.255397,131.772486,1505,15/12/2015,NA,NA,NA,NA,NA,HT13,2016,10.28326449,2006
GGS024,Van Diemen Gulf,Sampan Creek,M,-12.255397,131.772486,1065,15/12/2015,NA,NA,NA,NA,NA,HT25,2016,4.012242476,2012
GGS025,Van Diemen Gulf,Sampan Creek,F,-12.255397,131.772486,1085,15/12/2015,NA,NA,NA,FS001,NA,HT06,2016,4.204990552,2012
GGS026,Van Diemen Gulf,Sampan Creek,M,-12.255397,131.772486,810,15/12/2015,NA,NA,NA,NA,HS007,HT07,2016,1.922710895,2014
GGS027,Van Diemen Gulf,Sampan Creek,M,-12.255397,131.772486,1442,15/12/2015,NA,NA,NA,NA,NA,HT25,2016,8.976334288,2007
GGS028,Van Diemen Gulf,Sampan Creek,M,-12.255397,131.772486,1459,21/12/2015,NA,NA,NA,NA,NA,HT13,2016,9.30625516,2007
GGS029,Van Diemen Gulf,Sampan Creek,M,-12.255397,131.772486,1460,21/12/2015,NA,NA,NA,NA,NA,HT06,2016,9.326141957,2007
GGS030,Van Diemen Gulf,Sampan Creek,M,-12.255397,131.772486,862,21/12/2015,NA,NA,NA,NA,NA,HT06,2016,2.302323721,2014
GGSA010,Van Diemen Gulf,South Alligator River,F,-12.205557,132.389787,740,21/02/2012,NA,NA,NA,NA,NA,NA,2012,1.441426937,2011
GGSA011,Van Diemen Gulf,South Alligator River,M,-12.205557,132.389787,750,21/01/2012,NA,LowHet,NA,NA,NA,NA,2012,1.50824036,2011
GGSA012,Van Diemen Gulf,South Alligator River,M,-12.205557,132.389787,1300,21/01/2012,NA,G.glyphis,NA,NA,NA,NA,2012,6.688671911,2005
GGSA013,Van Diemen Gulf,South Alligator River,U,-12.205557,132.389787,NA,21/01/2012,NA,NA,NA,NA,HS002,HT06,2012,NA,NA
GGSA014,Van Diemen Gulf,South Alligator River,F,-12.205557,132.389787,895,22/01/2013,NA,NA,NA,NA,HS053,HT25,2013,2.554062328,2011
GGSA015,Van Diemen Gulf,South Alligator River,F,-12.205557,132.389787,1350,22/01/2013,NA,NA,NA,NA,HS059,HT06,2013,7.413991449,2006
GGSA016,Van Diemen Gulf,South Alligator River,F,-12.205557,132.389787,1700,22/01/2012,NA,LowHet,NA,NA,NA,NA,2012,17.18442674,1995
GGSA017,Van Diemen Gulf,South Alligator River,M,-12.205557,132.389787,775,22/01/2012,NA,NA,NA,NA,HS009,NA,2012,1.678042127,2010
